2025-04-14 00:47:38 - abstract_model.py - Line 238 - DEBUG - Optimizing continous predicates with idxes [0, 1, 2] now
2025-04-14 00:47:38 - abstract_model.py - Line 239 - DEBUG - Optimizing w now
2025-04-14 00:47:38 - abstract_model.py - Line 244 - DEBUG - Optimizing tilde_phi, step 0
2025-04-14 00:47:39 - abstract_model.py - Line 248 - DEBUG - Optimizing w, step 0
2025-04-14 00:47:39 - abstract_model.py - Line 244 - DEBUG - Optimizing tilde_phi, step 1
2025-04-14 00:47:39 - abstract_model.py - Line 248 - DEBUG - Optimizing w, step 1
2025-04-14 00:47:39 - abstract_model.py - Line 244 - DEBUG - Optimizing tilde_phi, step 2
2025-04-14 00:47:39 - abstract_model.py - Line 248 - DEBUG - Optimizing w, step 2
2025-04-14 00:47:39 - abstract_model.py - Line 244 - DEBUG - Optimizing tilde_phi, step 3
2025-04-14 00:47:39 - abstract_model.py - Line 248 - DEBUG - Optimizing w, step 3
2025-04-14 00:47:39 - abstract_model.py - Line 244 - DEBUG - Optimizing tilde_phi, step 4
2025-04-14 00:47:39 - abstract_model.py - Line 248 - DEBUG - Optimizing w, step 4
2025-04-14 00:47:39 - abstract_model.py - Line 244 - DEBUG - Optimizing tilde_phi, step 5
2025-04-14 00:47:39 - abstract_model.py - Line 248 - DEBUG - Optimizing w, step 5
2025-04-14 00:47:39 - abstract_model.py - Line 244 - DEBUG - Optimizing tilde_phi, step 6
2025-04-14 00:47:39 - abstract_model.py - Line 248 - DEBUG - Optimizing w, step 6
2025-04-14 00:47:39 - abstract_model.py - Line 244 - DEBUG - Optimizing tilde_phi, step 7
2025-04-14 00:47:39 - abstract_model.py - Line 248 - DEBUG - Optimizing w, step 7
2025-04-14 00:47:39 - abstract_model.py - Line 244 - DEBUG - Optimizing tilde_phi, step 8
2025-04-14 00:47:39 - abstract_model.py - Line 248 - DEBUG - Optimizing w, step 8
2025-04-14 00:47:39 - abstract_model.py - Line 244 - DEBUG - Optimizing tilde_phi, step 9
2025-04-14 00:47:39 - abstract_model.py - Line 248 - DEBUG - Optimizing w, step 9
2025-04-14 00:47:46 - propose.py - Line 536 - DEBUG - Proposer duration: 7s
2025-04-14 00:47:46 - propose.py - Line 548 - DEBUG - Proposer prompt and response:
2025-04-14 00:47:46 - propose.py - Line 549 - DEBUG - Here is a corpus of text samples each associated with a score. The text samples are sorted from the lowest to the highest score.
Sample 0: The NPP-3 and NUP2 are shared administratively with the state of Sabah.,The NPP-3 is the highest ranking planning document in the national development framework which translates the strategic and sectoral policies into spatial and physical dimensions. (score: -0.2)
Sample 1: The NPP-3 and NUP2 are shared administratively with the state of Sabah.,The NPP-3 is the highest ranking planning document in the national development framework which translates the strategic and sectoral policies into spatial and physical dimensions. (score: -0.2)
Sample 2: Due to constitutional arrangements, the development control process in the states of Sabah and Sarawak is governed by separate planning systems. (score: -0.2)
Sample 3: Due to constitutional arrangements, the development control process in the states of Sabah and Sarawak is governed by separate planning systems. (score: -0.2)
Sample 4: Due to constitutional arrangements, the states of Sabah and Sarawak have autonomy in the development control process and are governed by separate planning systems. (score: -0.2)
Sample 5: Due to constitutional arrangements, the states of Sabah and Sarawak have autonomy in the development control process and are governed by separate planning systems. (score: -0.2)
Sample 6: National physical development in Peninsular Malaysia is guided by the three current physical planning documents, the National Physical Plan-3 (NPP-3), the Second National Urbanisation Policy (NUP2) and the National Rural Physical Plan 2030 (NRPP 2030). (score: -0.2)
Sample 7: National physical development in Peninsular Malaysia is guided by the three current physical planning documents, the National Physical Plan-3 (NPP-3), the Second National Urbanisation Policy (NUP2) and the National Rural Physical Plan 2030 (NRPP 2030). (score: -0.2)
Sample 8: For the period until 2020, national physical development in Peninsular Malaysia is guided by three physical planning documents, the National Physical Plan-3 (NPP-3), the Second National Urbanisation Policy (NUP-2) and the National Rural Physical Plan 2030 (NRPP 2030). (score: -0.2)
Sample 9: For the period until 2020, national physical development in Peninsular Malaysia is guided by three physical planning documents, the National Physical Plan-3 (NPP-3), the Second National Urbanisation Policy (NUP-2) and the National Rural Physical Plan 2030 (NRPP 2030). (score: -0.2)
Sample 10: Thus, NPP-3, NUP-2 and NRPP 2030 only applies to Peninsular Malaysia.,The NPP-3 is the highest-ranking planning document in the national development framework which translates strategic and sectoral policies into spatial and physical dimensions. (score: -0.2)
Sample 11: These documents were approved for implementation in 2017. (score: 0.0)
Sample 12: The 15 strategies are:,. a) Improving preservation and conservation of national ecological assets;,. b) Managing and controlling development in environmentally sensitive areas;,. c) Enhancing security and sustainability of water resources;,. d) Managing mineral resource exploration;,. e) Promoting food security;,. f) Strengthening protection and preservation of national archaeological and natural heritage sites;,. g) Optimising land use and availability;,. h) Managing natural disaster risk areas;,. i) Managing development growth and sprawl;,. j) Promoting integrated rural development;,. k) Creating low carbon cities development;,. l) Promoting use of sustainable energy sources;,. m) Implementing integrated water cycle management;,. n) Promoting green mobility; and,. o) Strengthening integrated and sustainable solid waste management.,The NUP-2 provides guidance on sustainable urban planning and development with an emphasis for balanced development physically, environmentally, socially and economically. (score: 0.1)
Sample 13: The 15 strategies consist of the following: improving preservation and conservation of national ecological assets; managing and controlling development in environmentally sensitive areas; enhancing security and sustainability of water resources; managing mineral resource exploration; promoting food security; strengthening protection and preservation of national archaeological and natural heritage sites; optimising land use and availability; managing natural disaster risk areas; managing development growth and sprawl; promoting integrated rural development; creating low carbon cities development; promoting use of sustainable energy sources; implementing integrated water cycle management; promoting green mobility; and strengthening integrated and sustainable solid waste management. (score: 0.1)
Sample 14: These strategies will help to enhance,adaptation to, and mitigation of climate change in the country.,The NUP2 is a policy to guide and coordinate sustainable urban planning and development with emphasis on balanced development physically, environmentally, socially and economically. (score: 0.1)
Sample 15: These strategies will help to enhance,adaptation to, and mitigation of climate change in the country.,The NUP2 is a policy to guide and coordinate sustainable urban planning and development with emphasis on balanced development physically, environmentally, socially and economically. (score: 0.1)
Sample 16: In the document, emphasis is placed on sustainability and resilience towards climate change through three strategic directions namely,,(. i) Sustainable management of natural, food and heritage resources;,(i. i) Holistic land use planning; and,(ii. i) Low carbon cities and sustainable infrastructure.,The three strategic directions will be implemented through 15 strategies and 44 actions. (score: 0.2)
Sample 17: In the document, emphasis is placed on sustainability and resilience towards climate change through three strategic directions namely,,(. i) Sustainable management of natural, food and heritage resources;,(i. i) Holistic land use planning; and,(ii. i) Low carbon cities and sustainable infrastructure.,The three strategic directions will be implemented through 15 strategies and 44 actions. (score: 0.2)
Sample 18: Emphasis is placed on sustainability and resilience towards climate change in three strategic directions:,. a) Sustainable management of natural, food and heritage resources;,. b) Holistic land use planning; and,. c) Low carbon cities and sustainable infrastructure.,The three strategic directions are being implemented through 15 strategies and 44 actions. (score: 0.3)
Sample 19: Emphasis is placed on sustainability and resilience towards climate change in three strategic directions:,. a) Sustainable management of natural, food and heritage resources;,. b) Holistic land use planning; and,. c) Low carbon cities and sustainable infrastructure.,The three strategic directions are being implemented through 15 strategies and 44 actions. (score: 0.3)
Sample 20: The NRPP 2030 is the nation’s first spatial rural development document that outlines policy statements, strategies and implementation measures according to specific themes and thrusts towards materialising the rural development vision. (score: 0.3)
Sample 21: The NRPP 2030 is the nation’s first spatial rural development document that outlines policy statements, strategies and implementation measures according to specific themes and thrusts towards materialising the rural development vision. (score: 0.3)
Sample 22: The NRPP 2030 is the first spatial rural development document that,outlines policy statements, strategies and implementation measures towards materialising the rural development vision. (score: 0.4)
Sample 23: The NRPP 2030 is the first spatial rural development document that,outlines policy statements, strategies and implementation measures towards materialising the rural development vision. (score: 0.4)
I want to cluster these based on what document they belong to, or if they belong to neither
We want to understand what kind of text samples achieve a higher score, so please suggest descriptions about the text samples that are more likely to achieve higher scores.
Please suggest me at most 5 descriptions, one in a line, starting with "-" and surrounded by quotes "". Each of them needs to be a predicate about a text followed by an explanation and an example that satisfies the predicate, for example:
- "uses double negation; specifically, there is a sentence in the text that uses negation twice. For example, 'the pilot did not never had an accident'"
- "has a conservative stance; specifically, the overall text exhibits a conservative political stance (e.g. pro-life, deregulation, etc). For example, 'Fetus is sentient so we should not abort.'"
Do not output anything else. Please do not mention score in your example. (Note that the examples might not be goal related, and your response should be both formatted correct as above and related to the goal.)

Please generate the response based on the given datapoints as much as possible. We want the descriptions to be relatively objective and can be validated easily, e.g. "is surprising" means different things for different people, so we want to avoid such descriptions. It should also be a predicate on a single text (rather than a statement about a comparison); for example, instead of saying "uses more polite language", the generation should be "uses polite language". Sometimes KeyInfo is provided to help you make come up with better responses (though it might also be unavailable). 
Again, here's the goal. 
I want to cluster these based on what document they belong to, or if they belong to neither
Your responses are:
- "
2025-04-14 00:47:46 - propose.py - Line 550 - DEBUG - ["mentions specific planning documents; specifically, the text references specific planning documents by name, such as NPP-3, NUP2, or NRPP 2030. For example, 'National physical development in Peninsular Malaysia is guided by the three current physical planning documents, the National Physical Plan-3 (NPP-3), the Second National Urbanisation Policy (NUP2).'", "outlines strategic directions or actions; specifically, the text details a set of strategies, directions, or actions for achieving certain goals. For example, 'The three strategic directions will be implemented through 15 strategies and 44 actions.'", "describes policy guidance on natural resource management; specifically, the text discusses strategies or policies on the management of natural resources. For example, 'Implementing integrated water cycle management; promoting green mobility; and strengthening integrated and sustainable solid waste management.'", "emphasizes sustainability and climate change; specifically, the text highlights strategies or policies related to sustainability and resilience in the context of climate change. For example, 'Emphasis is placed on sustainability and resilience towards climate change through three strategic directions.'", "focuses on rural development; specifically, the text discusses strategies or policies aimed at developing rural areas. For example, 'The NRPP 2030 is the nation’s first spatial rural development document that outlines policy statements, strategies and implementation measures.'"]
2025-04-14 00:47:46 - propose.py - Line 648 - DEBUG - Proposer response: ["mentions specific planning documents; specifically, the text references specific planning documents by name, such as NPP-3, NUP2, or NRPP 2030. For example, 'National physical development in Peninsular Malaysia is guided by the three current physical planning documents, the National Physical Plan-3 (NPP-3), the Second National Urbanisation Policy (NUP2).'", "outlines strategic directions or actions; specifically, the text details a set of strategies, directions, or actions for achieving certain goals. For example, 'The three strategic directions will be implemented through 15 strategies and 44 actions.'", "describes policy guidance on natural resource management; specifically, the text discusses strategies or policies on the management of natural resources. For example, 'Implementing integrated water cycle management; promoting green mobility; and strengthening integrated and sustainable solid waste management.'", "emphasizes sustainability and climate change; specifically, the text highlights strategies or policies related to sustainability and resilience in the context of climate change. For example, 'Emphasis is placed on sustainability and resilience towards climate change through three strategic directions.'", "focuses on rural development; specifically, the text discusses strategies or policies aimed at developing rural areas. For example, 'The NRPP 2030 is the nation’s first spatial rural development document that outlines policy statements, strategies and implementation measures.'"]
2025-04-14 00:47:46 - abstract_model.py - Line 73 - DEBUG - Adding 5 predicates
2025-04-14 00:47:51 - validate.py - Line 639 - DEBUG - Validation duration: 4s
2025-04-14 00:47:55 - propose.py - Line 536 - DEBUG - Proposer duration: 4s
2025-04-14 00:47:55 - propose.py - Line 548 - DEBUG - Proposer prompt and response:
2025-04-14 00:47:55 - propose.py - Line 549 - DEBUG - Here is a corpus of text samples each associated with a score. The text samples are sorted from the lowest to the highest score.
Sample 0: Thus, NPP-3, NUP-2 and NRPP 2030 only applies to Peninsular Malaysia.,The NPP-3 is the highest-ranking planning document in the national development framework which translates strategic and sectoral policies into spatial and physical dimensions. (score: -0.5)
Sample 1: Thus, NPP-3, NUP-2 and NRPP 2030 only applies to Peninsular Malaysia.,The NPP-3 is the highest-ranking planning document in the national development framework which translates strategic and sectoral policies into spatial and physical dimensions. (score: -0.5)
Sample 2: The NRPP 2030 is the nation’s first spatial rural development document that outlines policy statements, strategies and implementation measures according to specific themes and thrusts towards materialising the rural development vision. (score: -0.4)
Sample 3: The NRPP 2030 is the nation’s first spatial rural development document that outlines policy statements, strategies and implementation measures according to specific themes and thrusts towards materialising the rural development vision. (score: -0.4)
Sample 4: The NRPP 2030 is the first spatial rural development document that,outlines policy statements, strategies and implementation measures towards materialising the rural development vision. (score: -0.4)
Sample 5: The NRPP 2030 is the first spatial rural development document that,outlines policy statements, strategies and implementation measures towards materialising the rural development vision. (score: -0.4)
Sample 6: For the period until 2020, national physical development in Peninsular Malaysia is guided by three physical planning documents, the National Physical Plan-3 (NPP-3), the Second National Urbanisation Policy (NUP-2) and the National Rural Physical Plan 2030 (NRPP 2030). (score: -0.4)
Sample 7: For the period until 2020, national physical development in Peninsular Malaysia is guided by three physical planning documents, the National Physical Plan-3 (NPP-3), the Second National Urbanisation Policy (NUP-2) and the National Rural Physical Plan 2030 (NRPP 2030). (score: -0.4)
Sample 8: National physical development in Peninsular Malaysia is guided by the three current physical planning documents, the National Physical Plan-3 (NPP-3), the Second National Urbanisation Policy (NUP2) and the National Rural Physical Plan 2030 (NRPP 2030). (score: -0.4)
Sample 9: National physical development in Peninsular Malaysia is guided by the three current physical planning documents, the National Physical Plan-3 (NPP-3), the Second National Urbanisation Policy (NUP2) and the National Rural Physical Plan 2030 (NRPP 2030). (score: -0.4)
Sample 10: These strategies will help to enhance,adaptation to, and mitigation of climate change in the country.,The NUP2 is a policy to guide and coordinate sustainable urban planning and development with emphasis on balanced development physically, environmentally, socially and economically. (score: -0.4)
Sample 11: The NPP-3 and NUP2 are shared administratively with the state of Sabah.,The NPP-3 is the highest ranking planning document in the national development framework which translates the strategic and sectoral policies into spatial and physical dimensions. (score: -0.4)
Sample 12: The 15 strategies are:,. a) Improving preservation and conservation of national ecological assets;,. b) Managing and controlling development in environmentally sensitive areas;,. c) Enhancing security and sustainability of water resources;,. d) Managing mineral resource exploration;,. e) Promoting food security;,. f) Strengthening protection and preservation of national archaeological and natural heritage sites;,. g) Optimising land use and availability;,. h) Managing natural disaster risk areas;,. i) Managing development growth and sprawl;,. j) Promoting integrated rural development;,. k) Creating low carbon cities development;,. l) Promoting use of sustainable energy sources;,. m) Implementing integrated water cycle management;,. n) Promoting green mobility; and,. o) Strengthening integrated and sustainable solid waste management.,The NUP-2 provides guidance on sustainable urban planning and development with an emphasis for balanced development physically, environmentally, socially and economically. (score: -0.3)
Sample 13: In the document, emphasis is placed on sustainability and resilience towards climate change through three strategic directions namely,,(. i) Sustainable management of natural, food and heritage resources;,(i. i) Holistic land use planning; and,(ii. i) Low carbon cities and sustainable infrastructure.,The three strategic directions will be implemented through 15 strategies and 44 actions. (score: -0.3)
Sample 14: The 15 strategies consist of the following: improving preservation and conservation of national ecological assets; managing and controlling development in environmentally sensitive areas; enhancing security and sustainability of water resources; managing mineral resource exploration; promoting food security; strengthening protection and preservation of national archaeological and natural heritage sites; optimising land use and availability; managing natural disaster risk areas; managing development growth and sprawl; promoting integrated rural development; creating low carbon cities development; promoting use of sustainable energy sources; implementing integrated water cycle management; promoting green mobility; and strengthening integrated and sustainable solid waste management. (score: -0.3)
Sample 15: The 15 strategies consist of the following: improving preservation and conservation of national ecological assets; managing and controlling development in environmentally sensitive areas; enhancing security and sustainability of water resources; managing mineral resource exploration; promoting food security; strengthening protection and preservation of national archaeological and natural heritage sites; optimising land use and availability; managing natural disaster risk areas; managing development growth and sprawl; promoting integrated rural development; creating low carbon cities development; promoting use of sustainable energy sources; implementing integrated water cycle management; promoting green mobility; and strengthening integrated and sustainable solid waste management. (score: -0.3)
Sample 16: Emphasis is placed on sustainability and resilience towards climate change in three strategic directions:,. a) Sustainable management of natural, food and heritage resources;,. b) Holistic land use planning; and,. c) Low carbon cities and sustainable infrastructure.,The three strategic directions are being implemented through 15 strategies and 44 actions. (score: -0.3)
Sample 17: Emphasis is placed on sustainability and resilience towards climate change in three strategic directions:,. a) Sustainable management of natural, food and heritage resources;,. b) Holistic land use planning; and,. c) Low carbon cities and sustainable infrastructure.,The three strategic directions are being implemented through 15 strategies and 44 actions. (score: -0.3)
Sample 18: These documents were approved for implementation in 2017. (score: -0.2)
Sample 19: These documents were approved for implementation in 2017. (score: -0.2)
Sample 20: Due to constitutional arrangements, the development control process in the states of Sabah and Sarawak is governed by separate planning systems. (score: 0.2)
Sample 21: Due to constitutional arrangements, the development control process in the states of Sabah and Sarawak is governed by separate planning systems. (score: 0.2)
Sample 22: Due to constitutional arrangements, the states of Sabah and Sarawak have autonomy in the development control process and are governed by separate planning systems. (score: 0.3)
Sample 23: Due to constitutional arrangements, the states of Sabah and Sarawak have autonomy in the development control process and are governed by separate planning systems. (score: 0.3)
I want to cluster these based on what document they belong to, or if they belong to neither
We want to understand what kind of text samples achieve a higher score, so please suggest descriptions about the text samples that are more likely to achieve higher scores.
Please suggest me at most 5 descriptions, one in a line, starting with "-" and surrounded by quotes "". Each of them needs to be a predicate about a text followed by an explanation and an example that satisfies the predicate, for example:
- "uses double negation; specifically, there is a sentence in the text that uses negation twice. For example, 'the pilot did not never had an accident'"
- "has a conservative stance; specifically, the overall text exhibits a conservative political stance (e.g. pro-life, deregulation, etc). For example, 'Fetus is sentient so we should not abort.'"
Do not output anything else. Please do not mention score in your example. (Note that the examples might not be goal related, and your response should be both formatted correct as above and related to the goal.)

Please generate the response based on the given datapoints as much as possible. We want the descriptions to be relatively objective and can be validated easily, e.g. "is surprising" means different things for different people, so we want to avoid such descriptions. It should also be a predicate on a single text (rather than a statement about a comparison); for example, instead of saying "uses more polite language", the generation should be "uses polite language". Sometimes KeyInfo is provided to help you make come up with better responses (though it might also be unavailable). 
Again, here's the goal. 
I want to cluster these based on what document they belong to, or if they belong to neither
Your responses are:
- "
2025-04-14 00:47:55 - propose.py - Line 550 - DEBUG - ["discusses development control autonomy; specifically, the text describes the autonomy in development control processes for certain regions or states. For example, 'Due to constitutional arrangements, the states of Sabah and Sarawak have autonomy in the development control process.'", "refers to Sabah and Sarawak; specifically, the text mentions the states of Sabah and Sarawak in the context of planning systems. For example, 'Due to constitutional arrangements, the states of Sabah and Sarawak have autonomy in the development control process.'", "describes planning document; specifically, the text discusses a planning document or policy related to spatial or physical planning. For example, 'The NRPP 2030 is the first spatial rural development document that outlines policy statements and strategies.'", "talks about spatial rural development; specifically, the text mentions spatial rural development or related policies. For example, 'The NRPP 2030 is the nation’s first spatial rural development document outlining strategies and implementation measures.'", "mentions constitutional arrangements; specifically, the text discusses constitutional arrangements affecting governance or planning. For example, 'Due to constitutional arrangements, the states of Sabah and Sarawak have autonomy in the development control process.'"]
2025-04-14 00:47:55 - propose.py - Line 648 - DEBUG - Proposer response: ["discusses development control autonomy; specifically, the text describes the autonomy in development control processes for certain regions or states. For example, 'Due to constitutional arrangements, the states of Sabah and Sarawak have autonomy in the development control process.'", "refers to Sabah and Sarawak; specifically, the text mentions the states of Sabah and Sarawak in the context of planning systems. For example, 'Due to constitutional arrangements, the states of Sabah and Sarawak have autonomy in the development control process.'", "describes planning document; specifically, the text discusses a planning document or policy related to spatial or physical planning. For example, 'The NRPP 2030 is the first spatial rural development document that outlines policy statements and strategies.'", "talks about spatial rural development; specifically, the text mentions spatial rural development or related policies. For example, 'The NRPP 2030 is the nation’s first spatial rural development document outlining strategies and implementation measures.'", "mentions constitutional arrangements; specifically, the text discusses constitutional arrangements affecting governance or planning. For example, 'Due to constitutional arrangements, the states of Sabah and Sarawak have autonomy in the development control process.'"]
2025-04-14 00:47:55 - abstract_model.py - Line 73 - DEBUG - Adding 5 predicates
2025-04-14 00:48:00 - validate.py - Line 639 - DEBUG - Validation duration: 4s
2025-04-14 00:48:06 - propose.py - Line 536 - DEBUG - Proposer duration: 5s
2025-04-14 00:48:06 - propose.py - Line 548 - DEBUG - Proposer prompt and response:
2025-04-14 00:48:06 - propose.py - Line 549 - DEBUG - Here is a corpus of text samples each associated with a score. The text samples are sorted from the lowest to the highest score.
Sample 0: The NRPP 2030 is the first spatial rural development document that,outlines policy statements, strategies and implementation measures towards materialising the rural development vision. (score: -0.2)
Sample 1: The NRPP 2030 is the first spatial rural development document that,outlines policy statements, strategies and implementation measures towards materialising the rural development vision. (score: -0.2)
Sample 2: The NRPP 2030 is the nation’s first spatial rural development document that outlines policy statements, strategies and implementation measures according to specific themes and thrusts towards materialising the rural development vision. (score: -0.2)
Sample 3: The NRPP 2030 is the nation’s first spatial rural development document that outlines policy statements, strategies and implementation measures according to specific themes and thrusts towards materialising the rural development vision. (score: -0.2)
Sample 4: The 15 strategies consist of the following: improving preservation and conservation of national ecological assets; managing and controlling development in environmentally sensitive areas; enhancing security and sustainability of water resources; managing mineral resource exploration; promoting food security; strengthening protection and preservation of national archaeological and natural heritage sites; optimising land use and availability; managing natural disaster risk areas; managing development growth and sprawl; promoting integrated rural development; creating low carbon cities development; promoting use of sustainable energy sources; implementing integrated water cycle management; promoting green mobility; and strengthening integrated and sustainable solid waste management. (score: -0.2)
Sample 5: The 15 strategies consist of the following: improving preservation and conservation of national ecological assets; managing and controlling development in environmentally sensitive areas; enhancing security and sustainability of water resources; managing mineral resource exploration; promoting food security; strengthening protection and preservation of national archaeological and natural heritage sites; optimising land use and availability; managing natural disaster risk areas; managing development growth and sprawl; promoting integrated rural development; creating low carbon cities development; promoting use of sustainable energy sources; implementing integrated water cycle management; promoting green mobility; and strengthening integrated and sustainable solid waste management. (score: -0.2)
Sample 6: Emphasis is placed on sustainability and resilience towards climate change in three strategic directions:,. a) Sustainable management of natural, food and heritage resources;,. b) Holistic land use planning; and,. c) Low carbon cities and sustainable infrastructure.,The three strategic directions are being implemented through 15 strategies and 44 actions. (score: -0.1)
Sample 7: Emphasis is placed on sustainability and resilience towards climate change in three strategic directions:,. a) Sustainable management of natural, food and heritage resources;,. b) Holistic land use planning; and,. c) Low carbon cities and sustainable infrastructure.,The three strategic directions are being implemented through 15 strategies and 44 actions. (score: -0.1)
Sample 8: The 15 strategies are:,. a) Improving preservation and conservation of national ecological assets;,. b) Managing and controlling development in environmentally sensitive areas;,. c) Enhancing security and sustainability of water resources;,. d) Managing mineral resource exploration;,. e) Promoting food security;,. f) Strengthening protection and preservation of national archaeological and natural heritage sites;,. g) Optimising land use and availability;,. h) Managing natural disaster risk areas;,. i) Managing development growth and sprawl;,. j) Promoting integrated rural development;,. k) Creating low carbon cities development;,. l) Promoting use of sustainable energy sources;,. m) Implementing integrated water cycle management;,. n) Promoting green mobility; and,. o) Strengthening integrated and sustainable solid waste management.,The NUP-2 provides guidance on sustainable urban planning and development with an emphasis for balanced development physically, environmentally, socially and economically. (score: -0.1)
Sample 9: The 15 strategies are:,. a) Improving preservation and conservation of national ecological assets;,. b) Managing and controlling development in environmentally sensitive areas;,. c) Enhancing security and sustainability of water resources;,. d) Managing mineral resource exploration;,. e) Promoting food security;,. f) Strengthening protection and preservation of national archaeological and natural heritage sites;,. g) Optimising land use and availability;,. h) Managing natural disaster risk areas;,. i) Managing development growth and sprawl;,. j) Promoting integrated rural development;,. k) Creating low carbon cities development;,. l) Promoting use of sustainable energy sources;,. m) Implementing integrated water cycle management;,. n) Promoting green mobility; and,. o) Strengthening integrated and sustainable solid waste management.,The NUP-2 provides guidance on sustainable urban planning and development with an emphasis for balanced development physically, environmentally, socially and economically. (score: -0.1)
Sample 10: In the document, emphasis is placed on sustainability and resilience towards climate change through three strategic directions namely,,(. i) Sustainable management of natural, food and heritage resources;,(i. i) Holistic land use planning; and,(ii. i) Low carbon cities and sustainable infrastructure.,The three strategic directions will be implemented through 15 strategies and 44 actions. (score: -0.1)
Sample 11: These strategies will help to enhance,adaptation to, and mitigation of climate change in the country.,The NUP2 is a policy to guide and coordinate sustainable urban planning and development with emphasis on balanced development physically, environmentally, socially and economically. (score: -0.0)
Sample 12: These documents were approved for implementation in 2017. (score: 0.0)
Sample 13: For the period until 2020, national physical development in Peninsular Malaysia is guided by three physical planning documents, the National Physical Plan-3 (NPP-3), the Second National Urbanisation Policy (NUP-2) and the National Rural Physical Plan 2030 (NRPP 2030). (score: 0.1)
Sample 14: National physical development in Peninsular Malaysia is guided by the three current physical planning documents, the National Physical Plan-3 (NPP-3), the Second National Urbanisation Policy (NUP2) and the National Rural Physical Plan 2030 (NRPP 2030). (score: 0.1)
Sample 15: National physical development in Peninsular Malaysia is guided by the three current physical planning documents, the National Physical Plan-3 (NPP-3), the Second National Urbanisation Policy (NUP2) and the National Rural Physical Plan 2030 (NRPP 2030). (score: 0.1)
Sample 16: Due to constitutional arrangements, the states of Sabah and Sarawak have autonomy in the development control process and are governed by separate planning systems. (score: 0.2)
Sample 17: Due to constitutional arrangements, the states of Sabah and Sarawak have autonomy in the development control process and are governed by separate planning systems. (score: 0.2)
Sample 18: Due to constitutional arrangements, the development control process in the states of Sabah and Sarawak is governed by separate planning systems. (score: 0.2)
Sample 19: Due to constitutional arrangements, the development control process in the states of Sabah and Sarawak is governed by separate planning systems. (score: 0.2)
Sample 20: Thus, NPP-3, NUP-2 and NRPP 2030 only applies to Peninsular Malaysia.,The NPP-3 is the highest-ranking planning document in the national development framework which translates strategic and sectoral policies into spatial and physical dimensions. (score: 0.3)
Sample 21: Thus, NPP-3, NUP-2 and NRPP 2030 only applies to Peninsular Malaysia.,The NPP-3 is the highest-ranking planning document in the national development framework which translates strategic and sectoral policies into spatial and physical dimensions. (score: 0.3)
Sample 22: The NPP-3 and NUP2 are shared administratively with the state of Sabah.,The NPP-3 is the highest ranking planning document in the national development framework which translates the strategic and sectoral policies into spatial and physical dimensions. (score: 0.5)
Sample 23: The NPP-3 and NUP2 are shared administratively with the state of Sabah.,The NPP-3 is the highest ranking planning document in the national development framework which translates the strategic and sectoral policies into spatial and physical dimensions. (score: 0.5)
I want to cluster these based on what document they belong to, or if they belong to neither
We want to understand what kind of text samples achieve a higher score, so please suggest descriptions about the text samples that are more likely to achieve higher scores.
Please suggest me at most 5 descriptions, one in a line, starting with "-" and surrounded by quotes "". Each of them needs to be a predicate about a text followed by an explanation and an example that satisfies the predicate, for example:
- "uses double negation; specifically, there is a sentence in the text that uses negation twice. For example, 'the pilot did not never had an accident'"
- "has a conservative stance; specifically, the overall text exhibits a conservative political stance (e.g. pro-life, deregulation, etc). For example, 'Fetus is sentient so we should not abort.'"
Do not output anything else. Please do not mention score in your example. (Note that the examples might not be goal related, and your response should be both formatted correct as above and related to the goal.)

Please generate the response based on the given datapoints as much as possible. We want the descriptions to be relatively objective and can be validated easily, e.g. "is surprising" means different things for different people, so we want to avoid such descriptions. It should also be a predicate on a single text (rather than a statement about a comparison); for example, instead of saying "uses more polite language", the generation should be "uses polite language". Sometimes KeyInfo is provided to help you make come up with better responses (though it might also be unavailable). 
Again, here's the goal. 
I want to cluster these based on what document they belong to, or if they belong to neither
Your responses are:
- "
2025-04-14 00:48:06 - propose.py - Line 550 - DEBUG - ["references specific planning documents; specifically, it lists or mentions documents like NRPP 2030, NUP-2, or NPP-3. For example, 'National physical development in Peninsular Malaysia is guided by the three current physical planning documents, the National Physical Plan-3 (NPP-3), the Second National Urbanisation Policy (NUP2) and the National Rural Physical Plan 2030 (NRPP 2030).'", "discusses spatial and physical planning; specifically, it references how policies are translated into spatial and physical dimensions. For example, 'The NPP-3 is the highest-ranking planning document in the national development framework which translates strategic and sectoral policies into spatial and physical dimensions.'", "emphasizes environmental strategies; specifically, it outlines strategies related to environmental conservation and management. For example, 'The 15 strategies consist of improving preservation and conservation of national ecological assets; managing and controlling development in environmentally sensitive areas; enhancing security and sustainability of water resources.'", "mentions constitutional arrangements; specifically, it discusses how constitutional arrangements affect the governance of planning systems. For example, 'Due to constitutional arrangements, the states of Sabah and Sarawak have autonomy in the development control process and are governed by separate planning systems.'", "mentions balanced development; specifically, it highlights the importance of maintaining balance in various aspects of development. For example, 'The NUP-2 provides guidance on sustainable urban planning and development with an emphasis for balanced development physically, environmentally, socially and economically.'"]
2025-04-14 00:48:06 - propose.py - Line 648 - DEBUG - Proposer response: ["references specific planning documents; specifically, it lists or mentions documents like NRPP 2030, NUP-2, or NPP-3. For example, 'National physical development in Peninsular Malaysia is guided by the three current physical planning documents, the National Physical Plan-3 (NPP-3), the Second National Urbanisation Policy (NUP2) and the National Rural Physical Plan 2030 (NRPP 2030).'", "discusses spatial and physical planning; specifically, it references how policies are translated into spatial and physical dimensions. For example, 'The NPP-3 is the highest-ranking planning document in the national development framework which translates strategic and sectoral policies into spatial and physical dimensions.'", "emphasizes environmental strategies; specifically, it outlines strategies related to environmental conservation and management. For example, 'The 15 strategies consist of improving preservation and conservation of national ecological assets; managing and controlling development in environmentally sensitive areas; enhancing security and sustainability of water resources.'", "mentions constitutional arrangements; specifically, it discusses how constitutional arrangements affect the governance of planning systems. For example, 'Due to constitutional arrangements, the states of Sabah and Sarawak have autonomy in the development control process and are governed by separate planning systems.'", "mentions balanced development; specifically, it highlights the importance of maintaining balance in various aspects of development. For example, 'The NUP-2 provides guidance on sustainable urban planning and development with an emphasis for balanced development physically, environmentally, socially and economically.'"]
2025-04-14 00:48:06 - abstract_model.py - Line 73 - DEBUG - Adding 5 predicates
2025-04-14 00:48:10 - validate.py - Line 639 - DEBUG - Validation duration: 4s
2025-04-14 00:48:10 - validate.py - Line 639 - DEBUG - Validation duration: 0s
2025-04-14 00:48:12 - abstract_model.py - Line 344 - DEBUG - having done inference 210 times
2025-04-14 00:48:12 - abstract_model.py - Line 388 - DEBUG - Iteration 0, current loss 1.9979426538699598, current predicate strings ["outlines strategic directions or actions; specifically, the text details a set of strategies, directions, or actions for achieving certain goals. For example, 'The three strategic directions will be implemented through 15 strategies and 44 actions.'", "mentions constitutional arrangements; specifically, it discusses how constitutional arrangements affect the governance of planning systems. For example, 'Due to constitutional arrangements, the states of Sabah and Sarawak have autonomy in the development control process and are governed by separate planning systems.'", "mentions constitutional arrangements; specifically, the text discusses constitutional arrangements affecting governance or planning. For example, 'Due to constitutional arrangements, the states of Sabah and Sarawak have autonomy in the development control process.'"]
2025-04-14 00:48:12 - abstract_model.py - Line 216 - DEBUG - Finding idxes by uselessness, k=0
2025-04-14 00:48:12 - abstract_model.py - Line 216 - DEBUG - Finding idxes by uselessness, k=1
2025-04-14 00:48:12 - abstract_model.py - Line 216 - DEBUG - Finding idxes by uselessness, k=2
2025-04-14 00:48:12 - abstract_model.py - Line 394 - DEBUG - Predicate idxes sorted by uselessness: [1, 2, 0]
2025-04-14 00:48:12 - abstract_model.py - Line 238 - DEBUG - Optimizing continous predicates with idxes [1] now
2025-04-14 00:48:12 - abstract_model.py - Line 239 - DEBUG - Optimizing w now
2025-04-14 00:48:12 - abstract_model.py - Line 244 - DEBUG - Optimizing tilde_phi, step 0
2025-04-14 00:48:12 - abstract_model.py - Line 248 - DEBUG - Optimizing w, step 0
2025-04-14 00:48:12 - abstract_model.py - Line 244 - DEBUG - Optimizing tilde_phi, step 1
2025-04-14 00:48:12 - abstract_model.py - Line 248 - DEBUG - Optimizing w, step 1
2025-04-14 00:48:12 - abstract_model.py - Line 244 - DEBUG - Optimizing tilde_phi, step 2
2025-04-14 00:48:12 - abstract_model.py - Line 248 - DEBUG - Optimizing w, step 2
2025-04-14 00:48:12 - abstract_model.py - Line 244 - DEBUG - Optimizing tilde_phi, step 3
2025-04-14 00:48:12 - abstract_model.py - Line 248 - DEBUG - Optimizing w, step 3
2025-04-14 00:48:12 - abstract_model.py - Line 244 - DEBUG - Optimizing tilde_phi, step 4
2025-04-14 00:48:12 - abstract_model.py - Line 248 - DEBUG - Optimizing w, step 4
2025-04-14 00:48:12 - abstract_model.py - Line 244 - DEBUG - Optimizing tilde_phi, step 5
2025-04-14 00:48:12 - abstract_model.py - Line 248 - DEBUG - Optimizing w, step 5
2025-04-14 00:48:12 - abstract_model.py - Line 244 - DEBUG - Optimizing tilde_phi, step 6
2025-04-14 00:48:12 - abstract_model.py - Line 248 - DEBUG - Optimizing w, step 6
2025-04-14 00:48:12 - abstract_model.py - Line 244 - DEBUG - Optimizing tilde_phi, step 7
2025-04-14 00:48:12 - abstract_model.py - Line 248 - DEBUG - Optimizing w, step 7
2025-04-14 00:48:12 - abstract_model.py - Line 244 - DEBUG - Optimizing tilde_phi, step 8
2025-04-14 00:48:12 - abstract_model.py - Line 248 - DEBUG - Optimizing w, step 8
2025-04-14 00:48:12 - abstract_model.py - Line 244 - DEBUG - Optimizing tilde_phi, step 9
2025-04-14 00:48:12 - abstract_model.py - Line 248 - DEBUG - Optimizing w, step 9
2025-04-14 00:48:17 - propose.py - Line 536 - DEBUG - Proposer duration: 5s
2025-04-14 00:48:17 - propose.py - Line 548 - DEBUG - Proposer prompt and response:
2025-04-14 00:48:17 - propose.py - Line 549 - DEBUG - Here is a corpus of text samples each associated with a score. The text samples are sorted from the lowest to the highest score.
Sample 0: Due to constitutional arrangements, the development control process in the states of Sabah and Sarawak is governed by separate planning systems. (score: 0.0)
Sample 1: Due to constitutional arrangements, the states of Sabah and Sarawak have autonomy in the development control process and are governed by separate planning systems. (score: 0.0)
Sample 2: Emphasis is placed on sustainability and resilience towards climate change in three strategic directions:,. a) Sustainable management of natural, food and heritage resources;,. b) Holistic land use planning; and,. c) Low carbon cities and sustainable infrastructure.,The three strategic directions are being implemented through 15 strategies and 44 actions. (score: 0.0)
Sample 3: For the period until 2020, national physical development in Peninsular Malaysia is guided by three physical planning documents, the National Physical Plan-3 (NPP-3), the Second National Urbanisation Policy (NUP-2) and the National Rural Physical Plan 2030 (NRPP 2030). (score: 0.0)
Sample 4: In the document, emphasis is placed on sustainability and resilience towards climate change through three strategic directions namely,,(. i) Sustainable management of natural, food and heritage resources;,(i. i) Holistic land use planning; and,(ii. i) Low carbon cities and sustainable infrastructure.,The three strategic directions will be implemented through 15 strategies and 44 actions. (score: 0.0)
Sample 5: The NRPP 2030 is the first spatial rural development document that,outlines policy statements, strategies and implementation measures towards materialising the rural development vision. (score: 0.0)
Sample 6: The NRPP 2030 is the nation’s first spatial rural development document that outlines policy statements, strategies and implementation measures according to specific themes and thrusts towards materialising the rural development vision. (score: 0.0)
Sample 7: These documents were approved for implementation in 2017. (score: 0.0)
Sample 8: These strategies will help to enhance,adaptation to, and mitigation of climate change in the country.,The NUP2 is a policy to guide and coordinate sustainable urban planning and development with emphasis on balanced development physically, environmentally, socially and economically. (score: 0.0)
Sample 9: Thus, NPP-3, NUP-2 and NRPP 2030 only applies to Peninsular Malaysia.,The NPP-3 is the highest-ranking planning document in the national development framework which translates strategic and sectoral policies into spatial and physical dimensions. (score: 0.0)
Sample 10: Thus, NPP-3, NUP-2 and NRPP 2030 only applies to Peninsular Malaysia.,The NPP-3 is the highest-ranking planning document in the national development framework which translates strategic and sectoral policies into spatial and physical dimensions. (score: 0.0)
Sample 11: The 15 strategies are:,. a) Improving preservation and conservation of national ecological assets;,. b) Managing and controlling development in environmentally sensitive areas;,. c) Enhancing security and sustainability of water resources;,. d) Managing mineral resource exploration;,. e) Promoting food security;,. f) Strengthening protection and preservation of national archaeological and natural heritage sites;,. g) Optimising land use and availability;,. h) Managing natural disaster risk areas;,. i) Managing development growth and sprawl;,. j) Promoting integrated rural development;,. k) Creating low carbon cities development;,. l) Promoting use of sustainable energy sources;,. m) Implementing integrated water cycle management;,. n) Promoting green mobility; and,. o) Strengthening integrated and sustainable solid waste management.,The NUP-2 provides guidance on sustainable urban planning and development with an emphasis for balanced development physically, environmentally, socially and economically. (score: 0.0)
Sample 12: These strategies will help to enhance,adaptation to, and mitigation of climate change in the country.,The NUP2 is a policy to guide and coordinate sustainable urban planning and development with emphasis on balanced development physically, environmentally, socially and economically. (score: 0.0)
Sample 13: Due to constitutional arrangements, the development control process in the states of Sabah and Sarawak is governed by separate planning systems. (score: 0.0)
Sample 14: In the document, emphasis is placed on sustainability and resilience towards climate change through three strategic directions namely,,(. i) Sustainable management of natural, food and heritage resources;,(i. i) Holistic land use planning; and,(ii. i) Low carbon cities and sustainable infrastructure.,The three strategic directions will be implemented through 15 strategies and 44 actions. (score: 0.0)
Sample 15: The NPP-3 and NUP2 are shared administratively with the state of Sabah.,The NPP-3 is the highest ranking planning document in the national development framework which translates the strategic and sectoral policies into spatial and physical dimensions. (score: 0.0)
Sample 16: The 15 strategies consist of the following: improving preservation and conservation of national ecological assets; managing and controlling development in environmentally sensitive areas; enhancing security and sustainability of water resources; managing mineral resource exploration; promoting food security; strengthening protection and preservation of national archaeological and natural heritage sites; optimising land use and availability; managing natural disaster risk areas; managing development growth and sprawl; promoting integrated rural development; creating low carbon cities development; promoting use of sustainable energy sources; implementing integrated water cycle management; promoting green mobility; and strengthening integrated and sustainable solid waste management. (score: 0.0)
Sample 17: For the period until 2020, national physical development in Peninsular Malaysia is guided by three physical planning documents, the National Physical Plan-3 (NPP-3), the Second National Urbanisation Policy (NUP-2) and the National Rural Physical Plan 2030 (NRPP 2030). (score: 0.0)
Sample 18: Emphasis is placed on sustainability and resilience towards climate change in three strategic directions:,. a) Sustainable management of natural, food and heritage resources;,. b) Holistic land use planning; and,. c) Low carbon cities and sustainable infrastructure.,The three strategic directions are being implemented through 15 strategies and 44 actions. (score: 0.0)
Sample 19: These documents were approved for implementation in 2017. (score: 0.0)
Sample 20: National physical development in Peninsular Malaysia is guided by the three current physical planning documents, the National Physical Plan-3 (NPP-3), the Second National Urbanisation Policy (NUP2) and the National Rural Physical Plan 2030 (NRPP 2030). (score: 0.0)
Sample 21: The NRPP 2030 is the first spatial rural development document that,outlines policy statements, strategies and implementation measures towards materialising the rural development vision. (score: 0.0)
Sample 22: The NRPP 2030 is the nation’s first spatial rural development document that outlines policy statements, strategies and implementation measures according to specific themes and thrusts towards materialising the rural development vision. (score: 0.0)
Sample 23: Due to constitutional arrangements, the states of Sabah and Sarawak have autonomy in the development control process and are governed by separate planning systems. (score: 0.0)
I want to cluster these based on what document they belong to, or if they belong to neither
We want to understand what kind of text samples achieve a higher score, so please suggest descriptions about the text samples that are more likely to achieve higher scores.
Please suggest me at most 5 descriptions, one in a line, starting with "-" and surrounded by quotes "". Each of them needs to be a predicate about a text followed by an explanation and an example that satisfies the predicate, for example:
- "uses double negation; specifically, there is a sentence in the text that uses negation twice. For example, 'the pilot did not never had an accident'"
- "has a conservative stance; specifically, the overall text exhibits a conservative political stance (e.g. pro-life, deregulation, etc). For example, 'Fetus is sentient so we should not abort.'"
Do not output anything else. Please do not mention score in your example. (Note that the examples might not be goal related, and your response should be both formatted correct as above and related to the goal.)

Please generate the response based on the given datapoints as much as possible. We want the descriptions to be relatively objective and can be validated easily, e.g. "is surprising" means different things for different people, so we want to avoid such descriptions. It should also be a predicate on a single text (rather than a statement about a comparison); for example, instead of saying "uses more polite language", the generation should be "uses polite language". Sometimes KeyInfo is provided to help you make come up with better responses (though it might also be unavailable). 
Again, here's the goal. 
I want to cluster these based on what document they belong to, or if they belong to neither
Your responses are:
- "
2025-04-14 00:48:17 - propose.py - Line 550 - DEBUG - ["indicates approval or implementation dates; specifically, the text mentions when certain policies or documents were approved or implemented. For example, 'These documents were approved for implementation in 2017.'", "mentions specific numerical targets; specifically, the text includes a list with numerical components such as a number of strategies or actions. For example, 'The three strategic directions are being implemented through 15 strategies and 44 actions.'", "refers to autonomous governance; specifically, the text discusses states having autonomy or separate governance structures. For example, 'The states of Sabah and Sarawak have autonomy in the development control process and are governed by separate planning systems.'", "includes policy document references; specifically, the text names particular policy documents guiding development. For example, 'National physical development in Peninsular Malaysia is guided by the National Physical Plan-3 (NPP-3), the Second National Urbanisation Policy (NUP-2), and the National Rural Physical Plan 2030 (NRPP 2030).'", "highlights sustainable development; specifically, the text emphasizes the importance of sustainability and resilience against climate change. For example, 'Emphasis is placed on sustainability and resilience towards climate change in three strategic directions.'"]
2025-04-14 00:48:17 - propose.py - Line 648 - DEBUG - Proposer response: ["indicates approval or implementation dates; specifically, the text mentions when certain policies or documents were approved or implemented. For example, 'These documents were approved for implementation in 2017.'", "mentions specific numerical targets; specifically, the text includes a list with numerical components such as a number of strategies or actions. For example, 'The three strategic directions are being implemented through 15 strategies and 44 actions.'", "refers to autonomous governance; specifically, the text discusses states having autonomy or separate governance structures. For example, 'The states of Sabah and Sarawak have autonomy in the development control process and are governed by separate planning systems.'", "includes policy document references; specifically, the text names particular policy documents guiding development. For example, 'National physical development in Peninsular Malaysia is guided by the National Physical Plan-3 (NPP-3), the Second National Urbanisation Policy (NUP-2), and the National Rural Physical Plan 2030 (NRPP 2030).'", "highlights sustainable development; specifically, the text emphasizes the importance of sustainability and resilience against climate change. For example, 'Emphasis is placed on sustainability and resilience towards climate change in three strategic directions.'"]
2025-04-14 00:48:17 - abstract_model.py - Line 73 - DEBUG - Adding 5 predicates
2025-04-14 00:48:23 - validate.py - Line 639 - DEBUG - Validation duration: 5s
2025-04-14 00:48:23 - abstract_model.py - Line 411 - DEBUG - Top predicates for predicate 1: ["focuses on rural development; specifically, the text discusses strategies or policies aimed at developing rural areas. For example, 'The NRPP 2030 is the nation’s first spatial rural development document that outlines policy statements, strategies and implementation measures.'", "discusses development control autonomy; specifically, the text describes the autonomy in development control processes for certain regions or states. For example, 'Due to constitutional arrangements, the states of Sabah and Sarawak have autonomy in the development control process.'", "references specific planning documents; specifically, it lists or mentions documents like NRPP 2030, NUP-2, or NPP-3. For example, 'National physical development in Peninsular Malaysia is guided by the three current physical planning documents, the National Physical Plan-3 (NPP-3), the Second National Urbanisation Policy (NUP2) and the National Rural Physical Plan 2030 (NRPP 2030).'", "mentions constitutional arrangements; specifically, it discusses how constitutional arrangements affect the governance of planning systems. For example, 'Due to constitutional arrangements, the states of Sabah and Sarawak have autonomy in the development control process and are governed by separate planning systems.'", "refers to Sabah and Sarawak; specifically, the text mentions the states of Sabah and Sarawak in the context of planning systems. For example, 'Due to constitutional arrangements, the states of Sabah and Sarawak have autonomy in the development control process.'"]
2025-04-14 00:48:23 - validate.py - Line 639 - DEBUG - Validation duration: 0s
2025-04-14 00:48:23 - abstract_model.py - Line 427 - DEBUG - new_loss: 1.8723065602254108
2025-04-14 00:48:23 - validate.py - Line 639 - DEBUG - Validation duration: 0s
2025-04-14 00:48:23 - abstract_model.py - Line 427 - DEBUG - new_loss: 1.9979426538699598
2025-04-14 00:48:23 - validate.py - Line 639 - DEBUG - Validation duration: 0s
2025-04-14 00:48:23 - abstract_model.py - Line 427 - DEBUG - new_loss: 1.7980799171073056
2025-04-14 00:48:23 - validate.py - Line 639 - DEBUG - Validation duration: 0s
2025-04-14 00:48:23 - abstract_model.py - Line 427 - DEBUG - new_loss: 1.9979426538699598
2025-04-14 00:48:23 - validate.py - Line 639 - DEBUG - Validation duration: 0s
2025-04-14 00:48:23 - abstract_model.py - Line 427 - DEBUG - new_loss: 1.9979426538699598
2025-04-14 00:48:23 - validate.py - Line 639 - DEBUG - Validation duration: 0s
2025-04-14 00:48:25 - abstract_model.py - Line 344 - DEBUG - having done inference 280 times
2025-04-14 00:48:25 - abstract_model.py - Line 388 - DEBUG - Iteration 1, current loss 1.7980799171073056, current predicate strings ["outlines strategic directions or actions; specifically, the text details a set of strategies, directions, or actions for achieving certain goals. For example, 'The three strategic directions will be implemented through 15 strategies and 44 actions.'", "references specific planning documents; specifically, it lists or mentions documents like NRPP 2030, NUP-2, or NPP-3. For example, 'National physical development in Peninsular Malaysia is guided by the three current physical planning documents, the National Physical Plan-3 (NPP-3), the Second National Urbanisation Policy (NUP2) and the National Rural Physical Plan 2030 (NRPP 2030).'", "mentions constitutional arrangements; specifically, the text discusses constitutional arrangements affecting governance or planning. For example, 'Due to constitutional arrangements, the states of Sabah and Sarawak have autonomy in the development control process.'"]
2025-04-14 00:48:25 - abstract_model.py - Line 216 - DEBUG - Finding idxes by uselessness, k=0
2025-04-14 00:48:25 - abstract_model.py - Line 216 - DEBUG - Finding idxes by uselessness, k=1
2025-04-14 00:48:25 - abstract_model.py - Line 216 - DEBUG - Finding idxes by uselessness, k=2
2025-04-14 00:48:25 - abstract_model.py - Line 394 - DEBUG - Predicate idxes sorted by uselessness: [1, 0, 2]
2025-04-14 00:48:25 - abstract_model.py - Line 238 - DEBUG - Optimizing continous predicates with idxes [1] now
2025-04-14 00:48:25 - abstract_model.py - Line 239 - DEBUG - Optimizing w now
2025-04-14 00:48:25 - abstract_model.py - Line 244 - DEBUG - Optimizing tilde_phi, step 0
2025-04-14 00:48:25 - abstract_model.py - Line 248 - DEBUG - Optimizing w, step 0
2025-04-14 00:48:25 - abstract_model.py - Line 244 - DEBUG - Optimizing tilde_phi, step 1
2025-04-14 00:48:25 - abstract_model.py - Line 248 - DEBUG - Optimizing w, step 1
2025-04-14 00:48:25 - abstract_model.py - Line 244 - DEBUG - Optimizing tilde_phi, step 2
2025-04-14 00:48:25 - abstract_model.py - Line 248 - DEBUG - Optimizing w, step 2
2025-04-14 00:48:25 - abstract_model.py - Line 244 - DEBUG - Optimizing tilde_phi, step 3
2025-04-14 00:48:25 - abstract_model.py - Line 248 - DEBUG - Optimizing w, step 3
2025-04-14 00:48:25 - abstract_model.py - Line 244 - DEBUG - Optimizing tilde_phi, step 4
2025-04-14 00:48:25 - abstract_model.py - Line 248 - DEBUG - Optimizing w, step 4
2025-04-14 00:48:25 - abstract_model.py - Line 244 - DEBUG - Optimizing tilde_phi, step 5
2025-04-14 00:48:25 - abstract_model.py - Line 248 - DEBUG - Optimizing w, step 5
2025-04-14 00:48:25 - abstract_model.py - Line 244 - DEBUG - Optimizing tilde_phi, step 6
2025-04-14 00:48:25 - abstract_model.py - Line 248 - DEBUG - Optimizing w, step 6
2025-04-14 00:48:25 - abstract_model.py - Line 244 - DEBUG - Optimizing tilde_phi, step 7
2025-04-14 00:48:25 - abstract_model.py - Line 248 - DEBUG - Optimizing w, step 7
2025-04-14 00:48:25 - abstract_model.py - Line 244 - DEBUG - Optimizing tilde_phi, step 8
2025-04-14 00:48:25 - abstract_model.py - Line 248 - DEBUG - Optimizing w, step 8
2025-04-14 00:48:25 - abstract_model.py - Line 244 - DEBUG - Optimizing tilde_phi, step 9
2025-04-14 00:48:25 - abstract_model.py - Line 248 - DEBUG - Optimizing w, step 9
2025-04-14 00:48:29 - propose.py - Line 536 - DEBUG - Proposer duration: 3s
2025-04-14 00:48:29 - propose.py - Line 548 - DEBUG - Proposer prompt and response:
2025-04-14 00:48:29 - propose.py - Line 549 - DEBUG - Here is a corpus of text samples each associated with a score. The text samples are sorted from the lowest to the highest score.
Sample 0: Due to constitutional arrangements, the development control process in the states of Sabah and Sarawak is governed by separate planning systems. (score: 0.0)
Sample 1: Due to constitutional arrangements, the states of Sabah and Sarawak have autonomy in the development control process and are governed by separate planning systems. (score: 0.0)
Sample 2: Emphasis is placed on sustainability and resilience towards climate change in three strategic directions:,. a) Sustainable management of natural, food and heritage resources;,. b) Holistic land use planning; and,. c) Low carbon cities and sustainable infrastructure.,The three strategic directions are being implemented through 15 strategies and 44 actions. (score: 0.0)
Sample 3: For the period until 2020, national physical development in Peninsular Malaysia is guided by three physical planning documents, the National Physical Plan-3 (NPP-3), the Second National Urbanisation Policy (NUP-2) and the National Rural Physical Plan 2030 (NRPP 2030). (score: 0.0)
Sample 4: In the document, emphasis is placed on sustainability and resilience towards climate change through three strategic directions namely,,(. i) Sustainable management of natural, food and heritage resources;,(i. i) Holistic land use planning; and,(ii. i) Low carbon cities and sustainable infrastructure.,The three strategic directions will be implemented through 15 strategies and 44 actions. (score: 0.0)
Sample 5: The NRPP 2030 is the first spatial rural development document that,outlines policy statements, strategies and implementation measures towards materialising the rural development vision. (score: 0.0)
Sample 6: The NRPP 2030 is the nation’s first spatial rural development document that outlines policy statements, strategies and implementation measures according to specific themes and thrusts towards materialising the rural development vision. (score: 0.0)
Sample 7: These documents were approved for implementation in 2017. (score: 0.0)
Sample 8: These strategies will help to enhance,adaptation to, and mitigation of climate change in the country.,The NUP2 is a policy to guide and coordinate sustainable urban planning and development with emphasis on balanced development physically, environmentally, socially and economically. (score: 0.0)
Sample 9: Thus, NPP-3, NUP-2 and NRPP 2030 only applies to Peninsular Malaysia.,The NPP-3 is the highest-ranking planning document in the national development framework which translates strategic and sectoral policies into spatial and physical dimensions. (score: 0.0)
Sample 10: Thus, NPP-3, NUP-2 and NRPP 2030 only applies to Peninsular Malaysia.,The NPP-3 is the highest-ranking planning document in the national development framework which translates strategic and sectoral policies into spatial and physical dimensions. (score: 0.0)
Sample 11: The 15 strategies are:,. a) Improving preservation and conservation of national ecological assets;,. b) Managing and controlling development in environmentally sensitive areas;,. c) Enhancing security and sustainability of water resources;,. d) Managing mineral resource exploration;,. e) Promoting food security;,. f) Strengthening protection and preservation of national archaeological and natural heritage sites;,. g) Optimising land use and availability;,. h) Managing natural disaster risk areas;,. i) Managing development growth and sprawl;,. j) Promoting integrated rural development;,. k) Creating low carbon cities development;,. l) Promoting use of sustainable energy sources;,. m) Implementing integrated water cycle management;,. n) Promoting green mobility; and,. o) Strengthening integrated and sustainable solid waste management.,The NUP-2 provides guidance on sustainable urban planning and development with an emphasis for balanced development physically, environmentally, socially and economically. (score: 0.0)
Sample 12: These strategies will help to enhance,adaptation to, and mitigation of climate change in the country.,The NUP2 is a policy to guide and coordinate sustainable urban planning and development with emphasis on balanced development physically, environmentally, socially and economically. (score: 0.0)
Sample 13: Due to constitutional arrangements, the development control process in the states of Sabah and Sarawak is governed by separate planning systems. (score: 0.0)
Sample 14: In the document, emphasis is placed on sustainability and resilience towards climate change through three strategic directions namely,,(. i) Sustainable management of natural, food and heritage resources;,(i. i) Holistic land use planning; and,(ii. i) Low carbon cities and sustainable infrastructure.,The three strategic directions will be implemented through 15 strategies and 44 actions. (score: 0.0)
Sample 15: The NPP-3 and NUP2 are shared administratively with the state of Sabah.,The NPP-3 is the highest ranking planning document in the national development framework which translates the strategic and sectoral policies into spatial and physical dimensions. (score: 0.0)
Sample 16: The 15 strategies consist of the following: improving preservation and conservation of national ecological assets; managing and controlling development in environmentally sensitive areas; enhancing security and sustainability of water resources; managing mineral resource exploration; promoting food security; strengthening protection and preservation of national archaeological and natural heritage sites; optimising land use and availability; managing natural disaster risk areas; managing development growth and sprawl; promoting integrated rural development; creating low carbon cities development; promoting use of sustainable energy sources; implementing integrated water cycle management; promoting green mobility; and strengthening integrated and sustainable solid waste management. (score: 0.0)
Sample 17: For the period until 2020, national physical development in Peninsular Malaysia is guided by three physical planning documents, the National Physical Plan-3 (NPP-3), the Second National Urbanisation Policy (NUP-2) and the National Rural Physical Plan 2030 (NRPP 2030). (score: 0.0)
Sample 18: Emphasis is placed on sustainability and resilience towards climate change in three strategic directions:,. a) Sustainable management of natural, food and heritage resources;,. b) Holistic land use planning; and,. c) Low carbon cities and sustainable infrastructure.,The three strategic directions are being implemented through 15 strategies and 44 actions. (score: 0.0)
Sample 19: These documents were approved for implementation in 2017. (score: 0.0)
Sample 20: National physical development in Peninsular Malaysia is guided by the three current physical planning documents, the National Physical Plan-3 (NPP-3), the Second National Urbanisation Policy (NUP2) and the National Rural Physical Plan 2030 (NRPP 2030). (score: 0.0)
Sample 21: The NRPP 2030 is the first spatial rural development document that,outlines policy statements, strategies and implementation measures towards materialising the rural development vision. (score: 0.0)
Sample 22: The NRPP 2030 is the nation’s first spatial rural development document that outlines policy statements, strategies and implementation measures according to specific themes and thrusts towards materialising the rural development vision. (score: 0.0)
Sample 23: Due to constitutional arrangements, the states of Sabah and Sarawak have autonomy in the development control process and are governed by separate planning systems. (score: 0.0)
I want to cluster these based on what document they belong to, or if they belong to neither
We want to understand what kind of text samples achieve a higher score, so please suggest descriptions about the text samples that are more likely to achieve higher scores.
Please suggest me at most 5 descriptions, one in a line, starting with "-" and surrounded by quotes "". Each of them needs to be a predicate about a text followed by an explanation and an example that satisfies the predicate, for example:
- "uses double negation; specifically, there is a sentence in the text that uses negation twice. For example, 'the pilot did not never had an accident'"
- "has a conservative stance; specifically, the overall text exhibits a conservative political stance (e.g. pro-life, deregulation, etc). For example, 'Fetus is sentient so we should not abort.'"
Do not output anything else. Please do not mention score in your example. (Note that the examples might not be goal related, and your response should be both formatted correct as above and related to the goal.)

Please generate the response based on the given datapoints as much as possible. We want the descriptions to be relatively objective and can be validated easily, e.g. "is surprising" means different things for different people, so we want to avoid such descriptions. It should also be a predicate on a single text (rather than a statement about a comparison); for example, instead of saying "uses more polite language", the generation should be "uses polite language". Sometimes KeyInfo is provided to help you make come up with better responses (though it might also be unavailable). 
Again, here's the goal. 
I want to cluster these based on what document they belong to, or if they belong to neither
Your responses are:
- "
2025-04-14 00:48:29 - propose.py - Line 550 - DEBUG - ["emphasizes sustainability and climate resilience; specifically, the text highlights themes related to sustainability or climate change resilience. For example, 'Emphasis is placed on sustainability and resilience towards climate change in three strategic directions.'", "focuses on rural development; specifically, the text discusses policies, strategies, or measures for rural development. For example, 'The NRPP 2030 is the first spatial rural development document that outlines policy statements.'", "mentions specific planning documents; specifically, the text names planning documents such as NPP-3, NUP-2, or NRPP 2030. For example, 'The NPP-3 is the highest-ranking planning document in the national development framework.'", "describes strategic directions or actions; specifically, the text outlines strategies or actions related to sustainability, resilience, or urban planning. For example, 'The three strategic directions are being implemented through 15 strategies and 44 actions.'", "references geographic regions; specifically, the text mentions specific geographic areas such as Peninsular Malaysia, Sabah, or Sarawak. For example, 'The development control process in the states of Sabah and Sarawak is governed by separate planning systems.'"]
2025-04-14 00:48:29 - propose.py - Line 648 - DEBUG - Proposer response: ["emphasizes sustainability and climate resilience; specifically, the text highlights themes related to sustainability or climate change resilience. For example, 'Emphasis is placed on sustainability and resilience towards climate change in three strategic directions.'", "focuses on rural development; specifically, the text discusses policies, strategies, or measures for rural development. For example, 'The NRPP 2030 is the first spatial rural development document that outlines policy statements.'", "mentions specific planning documents; specifically, the text names planning documents such as NPP-3, NUP-2, or NRPP 2030. For example, 'The NPP-3 is the highest-ranking planning document in the national development framework.'", "describes strategic directions or actions; specifically, the text outlines strategies or actions related to sustainability, resilience, or urban planning. For example, 'The three strategic directions are being implemented through 15 strategies and 44 actions.'", "references geographic regions; specifically, the text mentions specific geographic areas such as Peninsular Malaysia, Sabah, or Sarawak. For example, 'The development control process in the states of Sabah and Sarawak is governed by separate planning systems.'"]
2025-04-14 00:48:29 - abstract_model.py - Line 73 - DEBUG - Adding 5 predicates
2025-04-14 00:48:35 - validate.py - Line 639 - DEBUG - Validation duration: 5s
2025-04-14 00:48:35 - abstract_model.py - Line 411 - DEBUG - Top predicates for predicate 1: ["references specific planning documents; specifically, it lists or mentions documents like NRPP 2030, NUP-2, or NPP-3. For example, 'National physical development in Peninsular Malaysia is guided by the three current physical planning documents, the National Physical Plan-3 (NPP-3), the Second National Urbanisation Policy (NUP2) and the National Rural Physical Plan 2030 (NRPP 2030).'", "discusses development control autonomy; specifically, the text describes the autonomy in development control processes for certain regions or states. For example, 'Due to constitutional arrangements, the states of Sabah and Sarawak have autonomy in the development control process.'", "talks about spatial rural development; specifically, the text mentions spatial rural development or related policies. For example, 'The NRPP 2030 is the nation’s first spatial rural development document outlining strategies and implementation measures.'", "mentions specific planning documents; specifically, the text references specific planning documents by name, such as NPP-3, NUP2, or NRPP 2030. For example, 'National physical development in Peninsular Malaysia is guided by the three current physical planning documents, the National Physical Plan-3 (NPP-3), the Second National Urbanisation Policy (NUP2).'", "refers to Sabah and Sarawak; specifically, the text mentions the states of Sabah and Sarawak in the context of planning systems. For example, 'Due to constitutional arrangements, the states of Sabah and Sarawak have autonomy in the development control process.'"]
2025-04-14 00:48:35 - validate.py - Line 639 - DEBUG - Validation duration: 0s
2025-04-14 00:48:35 - abstract_model.py - Line 427 - DEBUG - new_loss: 1.7980799171073056
2025-04-14 00:48:35 - validate.py - Line 639 - DEBUG - Validation duration: 0s
2025-04-14 00:48:35 - abstract_model.py - Line 427 - DEBUG - new_loss: 1.9979426538699598
2025-04-14 00:48:35 - validate.py - Line 639 - DEBUG - Validation duration: 0s
2025-04-14 00:48:35 - abstract_model.py - Line 427 - DEBUG - new_loss: 1.8117852963882286
2025-04-14 00:48:35 - validate.py - Line 639 - DEBUG - Validation duration: 0s
2025-04-14 00:48:35 - abstract_model.py - Line 427 - DEBUG - new_loss: 1.7980799171073056
2025-04-14 00:48:35 - validate.py - Line 639 - DEBUG - Validation duration: 0s
2025-04-14 00:48:35 - abstract_model.py - Line 427 - DEBUG - new_loss: 1.9979426538699598
2025-04-14 00:48:35 - abstract_model.py - Line 238 - DEBUG - Optimizing continous predicates with idxes [0] now
2025-04-14 00:48:35 - abstract_model.py - Line 239 - DEBUG - Optimizing w now
2025-04-14 00:48:35 - abstract_model.py - Line 244 - DEBUG - Optimizing tilde_phi, step 0
2025-04-14 00:48:35 - abstract_model.py - Line 248 - DEBUG - Optimizing w, step 0
2025-04-14 00:48:35 - abstract_model.py - Line 244 - DEBUG - Optimizing tilde_phi, step 1
2025-04-14 00:48:35 - abstract_model.py - Line 248 - DEBUG - Optimizing w, step 1
2025-04-14 00:48:35 - abstract_model.py - Line 244 - DEBUG - Optimizing tilde_phi, step 2
2025-04-14 00:48:35 - abstract_model.py - Line 248 - DEBUG - Optimizing w, step 2
2025-04-14 00:48:35 - abstract_model.py - Line 244 - DEBUG - Optimizing tilde_phi, step 3
2025-04-14 00:48:35 - abstract_model.py - Line 248 - DEBUG - Optimizing w, step 3
2025-04-14 00:48:35 - abstract_model.py - Line 244 - DEBUG - Optimizing tilde_phi, step 4
2025-04-14 00:48:35 - abstract_model.py - Line 248 - DEBUG - Optimizing w, step 4
2025-04-14 00:48:35 - abstract_model.py - Line 244 - DEBUG - Optimizing tilde_phi, step 5
2025-04-14 00:48:35 - abstract_model.py - Line 248 - DEBUG - Optimizing w, step 5
2025-04-14 00:48:35 - abstract_model.py - Line 244 - DEBUG - Optimizing tilde_phi, step 6
2025-04-14 00:48:35 - abstract_model.py - Line 248 - DEBUG - Optimizing w, step 6
2025-04-14 00:48:35 - abstract_model.py - Line 244 - DEBUG - Optimizing tilde_phi, step 7
2025-04-14 00:48:35 - abstract_model.py - Line 248 - DEBUG - Optimizing w, step 7
2025-04-14 00:48:35 - abstract_model.py - Line 244 - DEBUG - Optimizing tilde_phi, step 8
2025-04-14 00:48:35 - abstract_model.py - Line 248 - DEBUG - Optimizing w, step 8
2025-04-14 00:48:35 - abstract_model.py - Line 244 - DEBUG - Optimizing tilde_phi, step 9
2025-04-14 00:48:35 - abstract_model.py - Line 248 - DEBUG - Optimizing w, step 9
2025-04-14 00:48:39 - propose.py - Line 536 - DEBUG - Proposer duration: 4s
2025-04-14 00:48:39 - propose.py - Line 548 - DEBUG - Proposer prompt and response:
2025-04-14 00:48:39 - propose.py - Line 549 - DEBUG - Here is a corpus of text samples each associated with a score. The text samples are sorted from the lowest to the highest score.
Sample 0: Due to constitutional arrangements, the development control process in the states of Sabah and Sarawak is governed by separate planning systems. (score: 0.0)
Sample 1: Due to constitutional arrangements, the states of Sabah and Sarawak have autonomy in the development control process and are governed by separate planning systems. (score: 0.0)
Sample 2: Emphasis is placed on sustainability and resilience towards climate change in three strategic directions:,. a) Sustainable management of natural, food and heritage resources;,. b) Holistic land use planning; and,. c) Low carbon cities and sustainable infrastructure.,The three strategic directions are being implemented through 15 strategies and 44 actions. (score: 0.0)
Sample 3: For the period until 2020, national physical development in Peninsular Malaysia is guided by three physical planning documents, the National Physical Plan-3 (NPP-3), the Second National Urbanisation Policy (NUP-2) and the National Rural Physical Plan 2030 (NRPP 2030). (score: 0.0)
Sample 4: In the document, emphasis is placed on sustainability and resilience towards climate change through three strategic directions namely,,(. i) Sustainable management of natural, food and heritage resources;,(i. i) Holistic land use planning; and,(ii. i) Low carbon cities and sustainable infrastructure.,The three strategic directions will be implemented through 15 strategies and 44 actions. (score: 0.0)
Sample 5: The NRPP 2030 is the first spatial rural development document that,outlines policy statements, strategies and implementation measures towards materialising the rural development vision. (score: 0.0)
Sample 6: The NRPP 2030 is the nation’s first spatial rural development document that outlines policy statements, strategies and implementation measures according to specific themes and thrusts towards materialising the rural development vision. (score: 0.0)
Sample 7: These documents were approved for implementation in 2017. (score: 0.0)
Sample 8: These strategies will help to enhance,adaptation to, and mitigation of climate change in the country.,The NUP2 is a policy to guide and coordinate sustainable urban planning and development with emphasis on balanced development physically, environmentally, socially and economically. (score: 0.0)
Sample 9: Thus, NPP-3, NUP-2 and NRPP 2030 only applies to Peninsular Malaysia.,The NPP-3 is the highest-ranking planning document in the national development framework which translates strategic and sectoral policies into spatial and physical dimensions. (score: 0.0)
Sample 10: Thus, NPP-3, NUP-2 and NRPP 2030 only applies to Peninsular Malaysia.,The NPP-3 is the highest-ranking planning document in the national development framework which translates strategic and sectoral policies into spatial and physical dimensions. (score: 0.0)
Sample 11: The 15 strategies are:,. a) Improving preservation and conservation of national ecological assets;,. b) Managing and controlling development in environmentally sensitive areas;,. c) Enhancing security and sustainability of water resources;,. d) Managing mineral resource exploration;,. e) Promoting food security;,. f) Strengthening protection and preservation of national archaeological and natural heritage sites;,. g) Optimising land use and availability;,. h) Managing natural disaster risk areas;,. i) Managing development growth and sprawl;,. j) Promoting integrated rural development;,. k) Creating low carbon cities development;,. l) Promoting use of sustainable energy sources;,. m) Implementing integrated water cycle management;,. n) Promoting green mobility; and,. o) Strengthening integrated and sustainable solid waste management.,The NUP-2 provides guidance on sustainable urban planning and development with an emphasis for balanced development physically, environmentally, socially and economically. (score: 0.0)
Sample 12: These strategies will help to enhance,adaptation to, and mitigation of climate change in the country.,The NUP2 is a policy to guide and coordinate sustainable urban planning and development with emphasis on balanced development physically, environmentally, socially and economically. (score: 0.0)
Sample 13: Due to constitutional arrangements, the development control process in the states of Sabah and Sarawak is governed by separate planning systems. (score: 0.0)
Sample 14: In the document, emphasis is placed on sustainability and resilience towards climate change through three strategic directions namely,,(. i) Sustainable management of natural, food and heritage resources;,(i. i) Holistic land use planning; and,(ii. i) Low carbon cities and sustainable infrastructure.,The three strategic directions will be implemented through 15 strategies and 44 actions. (score: 0.0)
Sample 15: The NPP-3 and NUP2 are shared administratively with the state of Sabah.,The NPP-3 is the highest ranking planning document in the national development framework which translates the strategic and sectoral policies into spatial and physical dimensions. (score: 0.0)
Sample 16: The 15 strategies consist of the following: improving preservation and conservation of national ecological assets; managing and controlling development in environmentally sensitive areas; enhancing security and sustainability of water resources; managing mineral resource exploration; promoting food security; strengthening protection and preservation of national archaeological and natural heritage sites; optimising land use and availability; managing natural disaster risk areas; managing development growth and sprawl; promoting integrated rural development; creating low carbon cities development; promoting use of sustainable energy sources; implementing integrated water cycle management; promoting green mobility; and strengthening integrated and sustainable solid waste management. (score: 0.0)
Sample 17: For the period until 2020, national physical development in Peninsular Malaysia is guided by three physical planning documents, the National Physical Plan-3 (NPP-3), the Second National Urbanisation Policy (NUP-2) and the National Rural Physical Plan 2030 (NRPP 2030). (score: 0.0)
Sample 18: Emphasis is placed on sustainability and resilience towards climate change in three strategic directions:,. a) Sustainable management of natural, food and heritage resources;,. b) Holistic land use planning; and,. c) Low carbon cities and sustainable infrastructure.,The three strategic directions are being implemented through 15 strategies and 44 actions. (score: 0.0)
Sample 19: These documents were approved for implementation in 2017. (score: 0.0)
Sample 20: National physical development in Peninsular Malaysia is guided by the three current physical planning documents, the National Physical Plan-3 (NPP-3), the Second National Urbanisation Policy (NUP2) and the National Rural Physical Plan 2030 (NRPP 2030). (score: 0.0)
Sample 21: The NRPP 2030 is the first spatial rural development document that,outlines policy statements, strategies and implementation measures towards materialising the rural development vision. (score: 0.0)
Sample 22: The NRPP 2030 is the nation’s first spatial rural development document that outlines policy statements, strategies and implementation measures according to specific themes and thrusts towards materialising the rural development vision. (score: 0.0)
Sample 23: Due to constitutional arrangements, the states of Sabah and Sarawak have autonomy in the development control process and are governed by separate planning systems. (score: 0.0)
I want to cluster these based on what document they belong to, or if they belong to neither
We want to understand what kind of text samples achieve a higher score, so please suggest descriptions about the text samples that are more likely to achieve higher scores.
Please suggest me at most 5 descriptions, one in a line, starting with "-" and surrounded by quotes "". Each of them needs to be a predicate about a text followed by an explanation and an example that satisfies the predicate, for example:
- "uses double negation; specifically, there is a sentence in the text that uses negation twice. For example, 'the pilot did not never had an accident'"
- "has a conservative stance; specifically, the overall text exhibits a conservative political stance (e.g. pro-life, deregulation, etc). For example, 'Fetus is sentient so we should not abort.'"
Do not output anything else. Please do not mention score in your example. (Note that the examples might not be goal related, and your response should be both formatted correct as above and related to the goal.)

Please generate the response based on the given datapoints as much as possible. We want the descriptions to be relatively objective and can be validated easily, e.g. "is surprising" means different things for different people, so we want to avoid such descriptions. It should also be a predicate on a single text (rather than a statement about a comparison); for example, instead of saying "uses more polite language", the generation should be "uses polite language". Sometimes KeyInfo is provided to help you make come up with better responses (though it might also be unavailable). 
Again, here's the goal. 
I want to cluster these based on what document they belong to, or if they belong to neither
Your responses are:
- "
2025-04-14 00:48:39 - propose.py - Line 550 - DEBUG - ["mentions specific national plans; specifically, the text references notable planning documents such as NPP-3, NUP-2, or NRPP 2030. For example, 'national physical development in Peninsular Malaysia is guided by three physical planning documents, the National Physical Plan-3 (NPP-3), the Second National Urbanisation Policy (NUP-2) and the National Rural Physical Plan 2030 (NRPP 2030).'", "indicates approval or timelines; specifically, the text mentions the timeline for implementation or approval of documents. For example, 'these documents were approved for implementation in 2017.'", "emphasizes autonomous governance; specifically, the text highlights the autonomy of certain states in planning practices. For example, 'the states of Sabah and Sarawak have autonomy in the development control process and are governed by separate planning systems.'", "focuses on sustainability strategies; specifically, the text discusses strategies related to sustainability and resilience in planning. For example, 'emphasis is placed on sustainability and resilience towards climate change in three strategic directions:...'", "details strategic implementations; specifically, the text elaborates on how strategies and actions are to be implemented, often listing multiple strategies. For example, 'the 15 strategies are: a) Improving preservation and conservation of national ecological assets...'"]
2025-04-14 00:48:39 - propose.py - Line 648 - DEBUG - Proposer response: ["mentions specific national plans; specifically, the text references notable planning documents such as NPP-3, NUP-2, or NRPP 2030. For example, 'national physical development in Peninsular Malaysia is guided by three physical planning documents, the National Physical Plan-3 (NPP-3), the Second National Urbanisation Policy (NUP-2) and the National Rural Physical Plan 2030 (NRPP 2030).'", "indicates approval or timelines; specifically, the text mentions the timeline for implementation or approval of documents. For example, 'these documents were approved for implementation in 2017.'", "emphasizes autonomous governance; specifically, the text highlights the autonomy of certain states in planning practices. For example, 'the states of Sabah and Sarawak have autonomy in the development control process and are governed by separate planning systems.'", "focuses on sustainability strategies; specifically, the text discusses strategies related to sustainability and resilience in planning. For example, 'emphasis is placed on sustainability and resilience towards climate change in three strategic directions:...'", "details strategic implementations; specifically, the text elaborates on how strategies and actions are to be implemented, often listing multiple strategies. For example, 'the 15 strategies are: a) Improving preservation and conservation of national ecological assets...'"]
2025-04-14 00:48:39 - abstract_model.py - Line 73 - DEBUG - Adding 5 predicates
2025-04-14 00:48:45 - validate.py - Line 639 - DEBUG - Validation duration: 6s
2025-04-14 00:48:45 - abstract_model.py - Line 411 - DEBUG - Top predicates for predicate 0: ["discusses development control autonomy; specifically, the text describes the autonomy in development control processes for certain regions or states. For example, 'Due to constitutional arrangements, the states of Sabah and Sarawak have autonomy in the development control process.'", "mentions constitutional arrangements; specifically, the text discusses constitutional arrangements affecting governance or planning. For example, 'Due to constitutional arrangements, the states of Sabah and Sarawak have autonomy in the development control process.'", "indicates approval or timelines; specifically, the text mentions the timeline for implementation or approval of documents. For example, 'these documents were approved for implementation in 2017.'", "mentions specific planning documents; specifically, the text names planning documents such as NPP-3, NUP-2, or NRPP 2030. For example, 'The NPP-3 is the highest-ranking planning document in the national development framework.'", "emphasizes sustainability and climate change; specifically, the text highlights strategies or policies related to sustainability and resilience in the context of climate change. For example, 'Emphasis is placed on sustainability and resilience towards climate change through three strategic directions.'"]
2025-04-14 00:48:45 - validate.py - Line 639 - DEBUG - Validation duration: 0s
2025-04-14 00:48:45 - abstract_model.py - Line 427 - DEBUG - new_loss: 2.041289858072807
2025-04-14 00:48:45 - validate.py - Line 639 - DEBUG - Validation duration: 0s
2025-04-14 00:48:45 - abstract_model.py - Line 427 - DEBUG - new_loss: 2.041289858072807
2025-04-14 00:48:45 - validate.py - Line 639 - DEBUG - Validation duration: 0s
2025-04-14 00:48:45 - abstract_model.py - Line 427 - DEBUG - new_loss: 1.852785834528824
2025-04-14 00:48:45 - validate.py - Line 639 - DEBUG - Validation duration: 0s
2025-04-14 00:48:45 - abstract_model.py - Line 427 - DEBUG - new_loss: 2.041289858072807
2025-04-14 00:48:45 - validate.py - Line 639 - DEBUG - Validation duration: 0s
2025-04-14 00:48:45 - abstract_model.py - Line 427 - DEBUG - new_loss: 1.7535138037845905
2025-04-14 00:48:45 - validate.py - Line 639 - DEBUG - Validation duration: 0s
2025-04-14 00:48:47 - abstract_model.py - Line 344 - DEBUG - having done inference 420 times
2025-04-14 00:48:47 - abstract_model.py - Line 388 - DEBUG - Iteration 2, current loss 1.7535138037845905, current predicate strings ["emphasizes sustainability and climate change; specifically, the text highlights strategies or policies related to sustainability and resilience in the context of climate change. For example, 'Emphasis is placed on sustainability and resilience towards climate change through three strategic directions.'", "references specific planning documents; specifically, it lists or mentions documents like NRPP 2030, NUP-2, or NPP-3. For example, 'National physical development in Peninsular Malaysia is guided by the three current physical planning documents, the National Physical Plan-3 (NPP-3), the Second National Urbanisation Policy (NUP2) and the National Rural Physical Plan 2030 (NRPP 2030).'", "mentions constitutional arrangements; specifically, the text discusses constitutional arrangements affecting governance or planning. For example, 'Due to constitutional arrangements, the states of Sabah and Sarawak have autonomy in the development control process.'"]
2025-04-14 00:48:47 - abstract_model.py - Line 216 - DEBUG - Finding idxes by uselessness, k=0
2025-04-14 00:48:47 - abstract_model.py - Line 216 - DEBUG - Finding idxes by uselessness, k=1
2025-04-14 00:48:47 - abstract_model.py - Line 216 - DEBUG - Finding idxes by uselessness, k=2
2025-04-14 00:48:47 - abstract_model.py - Line 394 - DEBUG - Predicate idxes sorted by uselessness: [1, 2, 0]
2025-04-14 00:48:47 - abstract_model.py - Line 238 - DEBUG - Optimizing continous predicates with idxes [1] now
2025-04-14 00:48:47 - abstract_model.py - Line 239 - DEBUG - Optimizing w now
2025-04-14 00:48:47 - abstract_model.py - Line 244 - DEBUG - Optimizing tilde_phi, step 0
2025-04-14 00:48:47 - abstract_model.py - Line 248 - DEBUG - Optimizing w, step 0
2025-04-14 00:48:47 - abstract_model.py - Line 244 - DEBUG - Optimizing tilde_phi, step 1
2025-04-14 00:48:47 - abstract_model.py - Line 248 - DEBUG - Optimizing w, step 1
2025-04-14 00:48:47 - abstract_model.py - Line 244 - DEBUG - Optimizing tilde_phi, step 2
2025-04-14 00:48:47 - abstract_model.py - Line 248 - DEBUG - Optimizing w, step 2
2025-04-14 00:48:47 - abstract_model.py - Line 244 - DEBUG - Optimizing tilde_phi, step 3
2025-04-14 00:48:47 - abstract_model.py - Line 248 - DEBUG - Optimizing w, step 3
2025-04-14 00:48:47 - abstract_model.py - Line 244 - DEBUG - Optimizing tilde_phi, step 4
2025-04-14 00:48:47 - abstract_model.py - Line 248 - DEBUG - Optimizing w, step 4
2025-04-14 00:48:47 - abstract_model.py - Line 244 - DEBUG - Optimizing tilde_phi, step 5
2025-04-14 00:48:47 - abstract_model.py - Line 248 - DEBUG - Optimizing w, step 5
2025-04-14 00:48:47 - abstract_model.py - Line 244 - DEBUG - Optimizing tilde_phi, step 6
2025-04-14 00:48:47 - abstract_model.py - Line 248 - DEBUG - Optimizing w, step 6
2025-04-14 00:48:47 - abstract_model.py - Line 244 - DEBUG - Optimizing tilde_phi, step 7
2025-04-14 00:48:47 - abstract_model.py - Line 248 - DEBUG - Optimizing w, step 7
2025-04-14 00:48:47 - abstract_model.py - Line 244 - DEBUG - Optimizing tilde_phi, step 8
2025-04-14 00:48:47 - abstract_model.py - Line 248 - DEBUG - Optimizing w, step 8
2025-04-14 00:48:47 - abstract_model.py - Line 244 - DEBUG - Optimizing tilde_phi, step 9
2025-04-14 00:48:47 - abstract_model.py - Line 248 - DEBUG - Optimizing w, step 9
2025-04-14 00:48:52 - propose.py - Line 536 - DEBUG - Proposer duration: 4s
2025-04-14 00:48:52 - propose.py - Line 548 - DEBUG - Proposer prompt and response:
2025-04-14 00:48:52 - propose.py - Line 549 - DEBUG - Here is a corpus of text samples each associated with a score. The text samples are sorted from the lowest to the highest score.
Sample 0: Due to constitutional arrangements, the development control process in the states of Sabah and Sarawak is governed by separate planning systems. (score: 0.0)
Sample 1: Due to constitutional arrangements, the states of Sabah and Sarawak have autonomy in the development control process and are governed by separate planning systems. (score: 0.0)
Sample 2: Emphasis is placed on sustainability and resilience towards climate change in three strategic directions:,. a) Sustainable management of natural, food and heritage resources;,. b) Holistic land use planning; and,. c) Low carbon cities and sustainable infrastructure.,The three strategic directions are being implemented through 15 strategies and 44 actions. (score: 0.0)
Sample 3: For the period until 2020, national physical development in Peninsular Malaysia is guided by three physical planning documents, the National Physical Plan-3 (NPP-3), the Second National Urbanisation Policy (NUP-2) and the National Rural Physical Plan 2030 (NRPP 2030). (score: 0.0)
Sample 4: In the document, emphasis is placed on sustainability and resilience towards climate change through three strategic directions namely,,(. i) Sustainable management of natural, food and heritage resources;,(i. i) Holistic land use planning; and,(ii. i) Low carbon cities and sustainable infrastructure.,The three strategic directions will be implemented through 15 strategies and 44 actions. (score: 0.0)
Sample 5: The NRPP 2030 is the first spatial rural development document that,outlines policy statements, strategies and implementation measures towards materialising the rural development vision. (score: 0.0)
Sample 6: The NRPP 2030 is the nation’s first spatial rural development document that outlines policy statements, strategies and implementation measures according to specific themes and thrusts towards materialising the rural development vision. (score: 0.0)
Sample 7: These documents were approved for implementation in 2017. (score: 0.0)
Sample 8: These strategies will help to enhance,adaptation to, and mitigation of climate change in the country.,The NUP2 is a policy to guide and coordinate sustainable urban planning and development with emphasis on balanced development physically, environmentally, socially and economically. (score: 0.0)
Sample 9: Thus, NPP-3, NUP-2 and NRPP 2030 only applies to Peninsular Malaysia.,The NPP-3 is the highest-ranking planning document in the national development framework which translates strategic and sectoral policies into spatial and physical dimensions. (score: 0.0)
Sample 10: Thus, NPP-3, NUP-2 and NRPP 2030 only applies to Peninsular Malaysia.,The NPP-3 is the highest-ranking planning document in the national development framework which translates strategic and sectoral policies into spatial and physical dimensions. (score: 0.0)
Sample 11: The 15 strategies are:,. a) Improving preservation and conservation of national ecological assets;,. b) Managing and controlling development in environmentally sensitive areas;,. c) Enhancing security and sustainability of water resources;,. d) Managing mineral resource exploration;,. e) Promoting food security;,. f) Strengthening protection and preservation of national archaeological and natural heritage sites;,. g) Optimising land use and availability;,. h) Managing natural disaster risk areas;,. i) Managing development growth and sprawl;,. j) Promoting integrated rural development;,. k) Creating low carbon cities development;,. l) Promoting use of sustainable energy sources;,. m) Implementing integrated water cycle management;,. n) Promoting green mobility; and,. o) Strengthening integrated and sustainable solid waste management.,The NUP-2 provides guidance on sustainable urban planning and development with an emphasis for balanced development physically, environmentally, socially and economically. (score: 0.0)
Sample 12: These strategies will help to enhance,adaptation to, and mitigation of climate change in the country.,The NUP2 is a policy to guide and coordinate sustainable urban planning and development with emphasis on balanced development physically, environmentally, socially and economically. (score: 0.0)
Sample 13: Due to constitutional arrangements, the development control process in the states of Sabah and Sarawak is governed by separate planning systems. (score: 0.0)
Sample 14: In the document, emphasis is placed on sustainability and resilience towards climate change through three strategic directions namely,,(. i) Sustainable management of natural, food and heritage resources;,(i. i) Holistic land use planning; and,(ii. i) Low carbon cities and sustainable infrastructure.,The three strategic directions will be implemented through 15 strategies and 44 actions. (score: 0.0)
Sample 15: The NPP-3 and NUP2 are shared administratively with the state of Sabah.,The NPP-3 is the highest ranking planning document in the national development framework which translates the strategic and sectoral policies into spatial and physical dimensions. (score: 0.0)
Sample 16: The 15 strategies consist of the following: improving preservation and conservation of national ecological assets; managing and controlling development in environmentally sensitive areas; enhancing security and sustainability of water resources; managing mineral resource exploration; promoting food security; strengthening protection and preservation of national archaeological and natural heritage sites; optimising land use and availability; managing natural disaster risk areas; managing development growth and sprawl; promoting integrated rural development; creating low carbon cities development; promoting use of sustainable energy sources; implementing integrated water cycle management; promoting green mobility; and strengthening integrated and sustainable solid waste management. (score: 0.0)
Sample 17: For the period until 2020, national physical development in Peninsular Malaysia is guided by three physical planning documents, the National Physical Plan-3 (NPP-3), the Second National Urbanisation Policy (NUP-2) and the National Rural Physical Plan 2030 (NRPP 2030). (score: 0.0)
Sample 18: Emphasis is placed on sustainability and resilience towards climate change in three strategic directions:,. a) Sustainable management of natural, food and heritage resources;,. b) Holistic land use planning; and,. c) Low carbon cities and sustainable infrastructure.,The three strategic directions are being implemented through 15 strategies and 44 actions. (score: 0.0)
Sample 19: These documents were approved for implementation in 2017. (score: 0.0)
Sample 20: National physical development in Peninsular Malaysia is guided by the three current physical planning documents, the National Physical Plan-3 (NPP-3), the Second National Urbanisation Policy (NUP2) and the National Rural Physical Plan 2030 (NRPP 2030). (score: 0.0)
Sample 21: The NRPP 2030 is the first spatial rural development document that,outlines policy statements, strategies and implementation measures towards materialising the rural development vision. (score: 0.0)
Sample 22: The NRPP 2030 is the nation’s first spatial rural development document that outlines policy statements, strategies and implementation measures according to specific themes and thrusts towards materialising the rural development vision. (score: 0.0)
Sample 23: Due to constitutional arrangements, the states of Sabah and Sarawak have autonomy in the development control process and are governed by separate planning systems. (score: 0.0)
I want to cluster these based on what document they belong to, or if they belong to neither
We want to understand what kind of text samples achieve a higher score, so please suggest descriptions about the text samples that are more likely to achieve higher scores.
Please suggest me at most 5 descriptions, one in a line, starting with "-" and surrounded by quotes "". Each of them needs to be a predicate about a text followed by an explanation and an example that satisfies the predicate, for example:
- "uses double negation; specifically, there is a sentence in the text that uses negation twice. For example, 'the pilot did not never had an accident'"
- "has a conservative stance; specifically, the overall text exhibits a conservative political stance (e.g. pro-life, deregulation, etc). For example, 'Fetus is sentient so we should not abort.'"
Do not output anything else. Please do not mention score in your example. (Note that the examples might not be goal related, and your response should be both formatted correct as above and related to the goal.)

Please generate the response based on the given datapoints as much as possible. We want the descriptions to be relatively objective and can be validated easily, e.g. "is surprising" means different things for different people, so we want to avoid such descriptions. It should also be a predicate on a single text (rather than a statement about a comparison); for example, instead of saying "uses more polite language", the generation should be "uses polite language". Sometimes KeyInfo is provided to help you make come up with better responses (though it might also be unavailable). 
Again, here's the goal. 
I want to cluster these based on what document they belong to, or if they belong to neither
Your responses are:
- "
2025-04-14 00:48:52 - propose.py - Line 550 - DEBUG - ["emphasizes implementation years; specifically, indicates years when documents or plans were approved or implemented. For example, 'These documents were approved for implementation in 2017.'", "focuses on spatial development; specifically, the text describes spatial development documents or themes related to rural or urban planning. For example, 'The NRPP 2030 is the nation’s first spatial rural development document.'", "refers to separate planning systems; specifically, mentions that the states of Sabah and Sarawak or other regions have their own planning systems due to constitutional arrangements. For example, 'The development control process in the states of Sabah and Sarawak is governed by separate planning systems.'", "mentions specific planning documents; specifically, the text references planning documents such as NPP-3, NUP-2, or NRPP 2030. For example, 'National physical development in Peninsular Malaysia is guided by the National Physical Plan-3 (NPP-3), the Second National Urbanisation Policy (NUP-2) and the National Rural Physical Plan 2030 (NRPP 2030).'", "discusses sustainability strategies; specifically, the text outlines strategies related to sustainability and resilience, such as managing ecological assets or promoting integrated rural development. For example, 'The 15 strategies include improving preservation of ecological assets and promoting green mobility.'"]
2025-04-14 00:48:52 - propose.py - Line 648 - DEBUG - Proposer response: ["emphasizes implementation years; specifically, indicates years when documents or plans were approved or implemented. For example, 'These documents were approved for implementation in 2017.'", "focuses on spatial development; specifically, the text describes spatial development documents or themes related to rural or urban planning. For example, 'The NRPP 2030 is the nation’s first spatial rural development document.'", "refers to separate planning systems; specifically, mentions that the states of Sabah and Sarawak or other regions have their own planning systems due to constitutional arrangements. For example, 'The development control process in the states of Sabah and Sarawak is governed by separate planning systems.'", "mentions specific planning documents; specifically, the text references planning documents such as NPP-3, NUP-2, or NRPP 2030. For example, 'National physical development in Peninsular Malaysia is guided by the National Physical Plan-3 (NPP-3), the Second National Urbanisation Policy (NUP-2) and the National Rural Physical Plan 2030 (NRPP 2030).'", "discusses sustainability strategies; specifically, the text outlines strategies related to sustainability and resilience, such as managing ecological assets or promoting integrated rural development. For example, 'The 15 strategies include improving preservation of ecological assets and promoting green mobility.'"]
2025-04-14 00:48:52 - abstract_model.py - Line 73 - DEBUG - Adding 5 predicates
2025-04-14 00:48:56 - validate.py - Line 639 - DEBUG - Validation duration: 4s
2025-04-14 00:48:56 - abstract_model.py - Line 411 - DEBUG - Top predicates for predicate 1: ["mentions specific planning documents; specifically, the text references planning documents such as NPP-3, NUP-2, or NRPP 2030. For example, 'National physical development in Peninsular Malaysia is guided by the National Physical Plan-3 (NPP-3), the Second National Urbanisation Policy (NUP-2) and the National Rural Physical Plan 2030 (NRPP 2030).'", "refers to Sabah and Sarawak; specifically, the text mentions the states of Sabah and Sarawak in the context of planning systems. For example, 'Due to constitutional arrangements, the states of Sabah and Sarawak have autonomy in the development control process.'", "includes policy document references; specifically, the text names particular policy documents guiding development. For example, 'National physical development in Peninsular Malaysia is guided by the National Physical Plan-3 (NPP-3), the Second National Urbanisation Policy (NUP-2), and the National Rural Physical Plan 2030 (NRPP 2030).'", "outlines strategic directions or actions; specifically, the text details a set of strategies, directions, or actions for achieving certain goals. For example, 'The three strategic directions will be implemented through 15 strategies and 44 actions.'", "details strategic implementations; specifically, the text elaborates on how strategies and actions are to be implemented, often listing multiple strategies. For example, 'the 15 strategies are: a) Improving preservation and conservation of national ecological assets...'"]
2025-04-14 00:48:56 - validate.py - Line 639 - DEBUG - Validation duration: 0s
2025-04-14 00:48:56 - abstract_model.py - Line 427 - DEBUG - new_loss: 1.7535138037845905
2025-04-14 00:48:56 - validate.py - Line 639 - DEBUG - Validation duration: 0s
2025-04-14 00:48:56 - abstract_model.py - Line 427 - DEBUG - new_loss: 1.9933490878997753
2025-04-14 00:48:56 - validate.py - Line 639 - DEBUG - Validation duration: 0s
2025-04-14 00:48:56 - abstract_model.py - Line 427 - DEBUG - new_loss: 1.7535138037845905
2025-04-14 00:48:56 - validate.py - Line 639 - DEBUG - Validation duration: 0s
2025-04-14 00:48:56 - abstract_model.py - Line 427 - DEBUG - new_loss: 1.8723065602254108
2025-04-14 00:48:56 - validate.py - Line 639 - DEBUG - Validation duration: 0s
2025-04-14 00:48:56 - abstract_model.py - Line 427 - DEBUG - new_loss: 1.9295938018099978
2025-04-14 00:48:56 - abstract_model.py - Line 238 - DEBUG - Optimizing continous predicates with idxes [2] now
2025-04-14 00:48:56 - abstract_model.py - Line 239 - DEBUG - Optimizing w now
2025-04-14 00:48:56 - abstract_model.py - Line 244 - DEBUG - Optimizing tilde_phi, step 0
2025-04-14 00:48:57 - abstract_model.py - Line 248 - DEBUG - Optimizing w, step 0
2025-04-14 00:48:57 - abstract_model.py - Line 244 - DEBUG - Optimizing tilde_phi, step 1
2025-04-14 00:48:57 - abstract_model.py - Line 248 - DEBUG - Optimizing w, step 1
2025-04-14 00:48:57 - abstract_model.py - Line 244 - DEBUG - Optimizing tilde_phi, step 2
2025-04-14 00:48:57 - abstract_model.py - Line 248 - DEBUG - Optimizing w, step 2
2025-04-14 00:48:57 - abstract_model.py - Line 244 - DEBUG - Optimizing tilde_phi, step 3
2025-04-14 00:48:57 - abstract_model.py - Line 248 - DEBUG - Optimizing w, step 3
2025-04-14 00:48:57 - abstract_model.py - Line 244 - DEBUG - Optimizing tilde_phi, step 4
2025-04-14 00:48:57 - abstract_model.py - Line 248 - DEBUG - Optimizing w, step 4
2025-04-14 00:48:57 - abstract_model.py - Line 244 - DEBUG - Optimizing tilde_phi, step 5
2025-04-14 00:48:58 - abstract_model.py - Line 248 - DEBUG - Optimizing w, step 5
2025-04-14 00:48:58 - abstract_model.py - Line 244 - DEBUG - Optimizing tilde_phi, step 6
2025-04-14 00:48:58 - abstract_model.py - Line 248 - DEBUG - Optimizing w, step 6
2025-04-14 00:48:58 - abstract_model.py - Line 244 - DEBUG - Optimizing tilde_phi, step 7
2025-04-14 00:48:58 - abstract_model.py - Line 248 - DEBUG - Optimizing w, step 7
2025-04-14 00:48:58 - abstract_model.py - Line 244 - DEBUG - Optimizing tilde_phi, step 8
2025-04-14 00:48:58 - abstract_model.py - Line 248 - DEBUG - Optimizing w, step 8
2025-04-14 00:48:58 - abstract_model.py - Line 244 - DEBUG - Optimizing tilde_phi, step 9
2025-04-14 00:48:58 - abstract_model.py - Line 248 - DEBUG - Optimizing w, step 9
2025-04-14 00:49:02 - propose.py - Line 536 - DEBUG - Proposer duration: 3s
2025-04-14 00:49:02 - propose.py - Line 548 - DEBUG - Proposer prompt and response:
2025-04-14 00:49:02 - propose.py - Line 549 - DEBUG - Here is a corpus of text samples each associated with a score. The text samples are sorted from the lowest to the highest score.
Sample 0: Due to constitutional arrangements, the development control process in the states of Sabah and Sarawak is governed by separate planning systems. (score: 0.0)
Sample 1: Due to constitutional arrangements, the states of Sabah and Sarawak have autonomy in the development control process and are governed by separate planning systems. (score: 0.0)
Sample 2: Emphasis is placed on sustainability and resilience towards climate change in three strategic directions:,. a) Sustainable management of natural, food and heritage resources;,. b) Holistic land use planning; and,. c) Low carbon cities and sustainable infrastructure.,The three strategic directions are being implemented through 15 strategies and 44 actions. (score: 0.0)
Sample 3: For the period until 2020, national physical development in Peninsular Malaysia is guided by three physical planning documents, the National Physical Plan-3 (NPP-3), the Second National Urbanisation Policy (NUP-2) and the National Rural Physical Plan 2030 (NRPP 2030). (score: 0.0)
Sample 4: In the document, emphasis is placed on sustainability and resilience towards climate change through three strategic directions namely,,(. i) Sustainable management of natural, food and heritage resources;,(i. i) Holistic land use planning; and,(ii. i) Low carbon cities and sustainable infrastructure.,The three strategic directions will be implemented through 15 strategies and 44 actions. (score: 0.0)
Sample 5: The NRPP 2030 is the first spatial rural development document that,outlines policy statements, strategies and implementation measures towards materialising the rural development vision. (score: 0.0)
Sample 6: The NRPP 2030 is the nation’s first spatial rural development document that outlines policy statements, strategies and implementation measures according to specific themes and thrusts towards materialising the rural development vision. (score: 0.0)
Sample 7: These documents were approved for implementation in 2017. (score: 0.0)
Sample 8: These strategies will help to enhance,adaptation to, and mitigation of climate change in the country.,The NUP2 is a policy to guide and coordinate sustainable urban planning and development with emphasis on balanced development physically, environmentally, socially and economically. (score: 0.0)
Sample 9: Thus, NPP-3, NUP-2 and NRPP 2030 only applies to Peninsular Malaysia.,The NPP-3 is the highest-ranking planning document in the national development framework which translates strategic and sectoral policies into spatial and physical dimensions. (score: 0.0)
Sample 10: Thus, NPP-3, NUP-2 and NRPP 2030 only applies to Peninsular Malaysia.,The NPP-3 is the highest-ranking planning document in the national development framework which translates strategic and sectoral policies into spatial and physical dimensions. (score: 0.0)
Sample 11: The 15 strategies are:,. a) Improving preservation and conservation of national ecological assets;,. b) Managing and controlling development in environmentally sensitive areas;,. c) Enhancing security and sustainability of water resources;,. d) Managing mineral resource exploration;,. e) Promoting food security;,. f) Strengthening protection and preservation of national archaeological and natural heritage sites;,. g) Optimising land use and availability;,. h) Managing natural disaster risk areas;,. i) Managing development growth and sprawl;,. j) Promoting integrated rural development;,. k) Creating low carbon cities development;,. l) Promoting use of sustainable energy sources;,. m) Implementing integrated water cycle management;,. n) Promoting green mobility; and,. o) Strengthening integrated and sustainable solid waste management.,The NUP-2 provides guidance on sustainable urban planning and development with an emphasis for balanced development physically, environmentally, socially and economically. (score: 0.0)
Sample 12: These strategies will help to enhance,adaptation to, and mitigation of climate change in the country.,The NUP2 is a policy to guide and coordinate sustainable urban planning and development with emphasis on balanced development physically, environmentally, socially and economically. (score: 0.0)
Sample 13: Due to constitutional arrangements, the development control process in the states of Sabah and Sarawak is governed by separate planning systems. (score: 0.0)
Sample 14: In the document, emphasis is placed on sustainability and resilience towards climate change through three strategic directions namely,,(. i) Sustainable management of natural, food and heritage resources;,(i. i) Holistic land use planning; and,(ii. i) Low carbon cities and sustainable infrastructure.,The three strategic directions will be implemented through 15 strategies and 44 actions. (score: 0.0)
Sample 15: The NPP-3 and NUP2 are shared administratively with the state of Sabah.,The NPP-3 is the highest ranking planning document in the national development framework which translates the strategic and sectoral policies into spatial and physical dimensions. (score: 0.0)
Sample 16: The 15 strategies consist of the following: improving preservation and conservation of national ecological assets; managing and controlling development in environmentally sensitive areas; enhancing security and sustainability of water resources; managing mineral resource exploration; promoting food security; strengthening protection and preservation of national archaeological and natural heritage sites; optimising land use and availability; managing natural disaster risk areas; managing development growth and sprawl; promoting integrated rural development; creating low carbon cities development; promoting use of sustainable energy sources; implementing integrated water cycle management; promoting green mobility; and strengthening integrated and sustainable solid waste management. (score: 0.0)
Sample 17: For the period until 2020, national physical development in Peninsular Malaysia is guided by three physical planning documents, the National Physical Plan-3 (NPP-3), the Second National Urbanisation Policy (NUP-2) and the National Rural Physical Plan 2030 (NRPP 2030). (score: 0.0)
Sample 18: Emphasis is placed on sustainability and resilience towards climate change in three strategic directions:,. a) Sustainable management of natural, food and heritage resources;,. b) Holistic land use planning; and,. c) Low carbon cities and sustainable infrastructure.,The three strategic directions are being implemented through 15 strategies and 44 actions. (score: 0.0)
Sample 19: These documents were approved for implementation in 2017. (score: 0.0)
Sample 20: National physical development in Peninsular Malaysia is guided by the three current physical planning documents, the National Physical Plan-3 (NPP-3), the Second National Urbanisation Policy (NUP2) and the National Rural Physical Plan 2030 (NRPP 2030). (score: 0.0)
Sample 21: The NRPP 2030 is the first spatial rural development document that,outlines policy statements, strategies and implementation measures towards materialising the rural development vision. (score: 0.0)
Sample 22: The NRPP 2030 is the nation’s first spatial rural development document that outlines policy statements, strategies and implementation measures according to specific themes and thrusts towards materialising the rural development vision. (score: 0.0)
Sample 23: Due to constitutional arrangements, the states of Sabah and Sarawak have autonomy in the development control process and are governed by separate planning systems. (score: 0.0)
I want to cluster these based on what document they belong to, or if they belong to neither
We want to understand what kind of text samples achieve a higher score, so please suggest descriptions about the text samples that are more likely to achieve higher scores.
Please suggest me at most 5 descriptions, one in a line, starting with "-" and surrounded by quotes "". Each of them needs to be a predicate about a text followed by an explanation and an example that satisfies the predicate, for example:
- "uses double negation; specifically, there is a sentence in the text that uses negation twice. For example, 'the pilot did not never had an accident'"
- "has a conservative stance; specifically, the overall text exhibits a conservative political stance (e.g. pro-life, deregulation, etc). For example, 'Fetus is sentient so we should not abort.'"
Do not output anything else. Please do not mention score in your example. (Note that the examples might not be goal related, and your response should be both formatted correct as above and related to the goal.)

Please generate the response based on the given datapoints as much as possible. We want the descriptions to be relatively objective and can be validated easily, e.g. "is surprising" means different things for different people, so we want to avoid such descriptions. It should also be a predicate on a single text (rather than a statement about a comparison); for example, instead of saying "uses more polite language", the generation should be "uses polite language". Sometimes KeyInfo is provided to help you make come up with better responses (though it might also be unavailable). 
Again, here's the goal. 
I want to cluster these based on what document they belong to, or if they belong to neither
Your responses are:
- "
2025-04-14 00:49:02 - propose.py - Line 550 - DEBUG - ["mentions spatial rural development; specifically, the text discusses documents or plans related to rural development in spatial terms. For example, 'The NRPP 2030 is the nation’s first spatial rural development document.'", "emphasizes sustainability and resilience to climate change; specifically, the text focuses on sustainability and efforts to enhance resilience to climate change. For example, 'Emphasis is placed on sustainability and resilience towards climate change in three strategic directions.'", "lists strategic directions or strategies; specifically, the text outlines or enumerates specific strategies or directions for achieving a goal. For example, 'The 15 strategies are: improving preservation and conservation of national ecological assets; managing and controlling development in environmentally sensitive areas.'", "mentions coordination of urban planning in Peninsular Malaysia; specifically, the text discusses how urban planning documents guide development in Peninsular Malaysia. For example, 'National physical development in Peninsular Malaysia is guided by the three current physical planning documents.'", "refers to separate planning systems; specifically, the text mentions that certain regions operate under different planning systems due to special arrangements. For example, 'states of Sabah and Sarawak have autonomy in the development control process and are governed by separate planning systems.'"]
2025-04-14 00:49:02 - propose.py - Line 648 - DEBUG - Proposer response: ["mentions spatial rural development; specifically, the text discusses documents or plans related to rural development in spatial terms. For example, 'The NRPP 2030 is the nation’s first spatial rural development document.'", "emphasizes sustainability and resilience to climate change; specifically, the text focuses on sustainability and efforts to enhance resilience to climate change. For example, 'Emphasis is placed on sustainability and resilience towards climate change in three strategic directions.'", "lists strategic directions or strategies; specifically, the text outlines or enumerates specific strategies or directions for achieving a goal. For example, 'The 15 strategies are: improving preservation and conservation of national ecological assets; managing and controlling development in environmentally sensitive areas.'", "mentions coordination of urban planning in Peninsular Malaysia; specifically, the text discusses how urban planning documents guide development in Peninsular Malaysia. For example, 'National physical development in Peninsular Malaysia is guided by the three current physical planning documents.'", "refers to separate planning systems; specifically, the text mentions that certain regions operate under different planning systems due to special arrangements. For example, 'states of Sabah and Sarawak have autonomy in the development control process and are governed by separate planning systems.'"]
2025-04-14 00:49:02 - abstract_model.py - Line 73 - DEBUG - Adding 5 predicates
2025-04-14 00:49:07 - validate.py - Line 639 - DEBUG - Validation duration: 4s
2025-04-14 00:49:07 - abstract_model.py - Line 411 - DEBUG - Top predicates for predicate 2: ["emphasizes sustainability and climate change; specifically, the text highlights strategies or policies related to sustainability and resilience in the context of climate change. For example, 'Emphasis is placed on sustainability and resilience towards climate change through three strategic directions.'", "focuses on rural development; specifically, the text discusses strategies or policies aimed at developing rural areas. For example, 'The NRPP 2030 is the nation’s first spatial rural development document that outlines policy statements, strategies and implementation measures.'", "mentions specific national plans; specifically, the text references notable planning documents such as NPP-3, NUP-2, or NRPP 2030. For example, 'national physical development in Peninsular Malaysia is guided by three physical planning documents, the National Physical Plan-3 (NPP-3), the Second National Urbanisation Policy (NUP-2) and the National Rural Physical Plan 2030 (NRPP 2030).'", "emphasizes implementation years; specifically, indicates years when documents or plans were approved or implemented. For example, 'These documents were approved for implementation in 2017.'", "discusses sustainability strategies; specifically, the text outlines strategies related to sustainability and resilience, such as managing ecological assets or promoting integrated rural development. For example, 'The 15 strategies include improving preservation of ecological assets and promoting green mobility.'"]
2025-04-14 00:49:07 - validate.py - Line 639 - DEBUG - Validation duration: 0s
2025-04-14 00:49:07 - abstract_model.py - Line 427 - DEBUG - new_loss: 2.0315008965067958
2025-04-14 00:49:07 - validate.py - Line 639 - DEBUG - Validation duration: 0s
2025-04-14 00:49:07 - abstract_model.py - Line 427 - DEBUG - new_loss: 1.9307858491684216
2025-04-14 00:49:07 - validate.py - Line 639 - DEBUG - Validation duration: 0s
2025-04-14 00:49:07 - abstract_model.py - Line 427 - DEBUG - new_loss: 2.0315008965067958
2025-04-14 00:49:07 - validate.py - Line 639 - DEBUG - Validation duration: 0s
2025-04-14 00:49:07 - abstract_model.py - Line 427 - DEBUG - new_loss: 1.842996872962813
2025-04-14 00:49:07 - validate.py - Line 639 - DEBUG - Validation duration: 0s
2025-04-14 00:49:07 - abstract_model.py - Line 427 - DEBUG - new_loss: 1.9677456104170186
2025-04-14 00:49:07 - abstract_model.py - Line 238 - DEBUG - Optimizing continous predicates with idxes [0] now
2025-04-14 00:49:07 - abstract_model.py - Line 239 - DEBUG - Optimizing w now
2025-04-14 00:49:07 - abstract_model.py - Line 244 - DEBUG - Optimizing tilde_phi, step 0
2025-04-14 00:49:07 - abstract_model.py - Line 248 - DEBUG - Optimizing w, step 0
2025-04-14 00:49:07 - abstract_model.py - Line 244 - DEBUG - Optimizing tilde_phi, step 1
2025-04-14 00:49:07 - abstract_model.py - Line 248 - DEBUG - Optimizing w, step 1
2025-04-14 00:49:07 - abstract_model.py - Line 244 - DEBUG - Optimizing tilde_phi, step 2
2025-04-14 00:49:07 - abstract_model.py - Line 248 - DEBUG - Optimizing w, step 2
2025-04-14 00:49:07 - abstract_model.py - Line 244 - DEBUG - Optimizing tilde_phi, step 3
2025-04-14 00:49:07 - abstract_model.py - Line 248 - DEBUG - Optimizing w, step 3
2025-04-14 00:49:07 - abstract_model.py - Line 244 - DEBUG - Optimizing tilde_phi, step 4
2025-04-14 00:49:07 - abstract_model.py - Line 248 - DEBUG - Optimizing w, step 4
2025-04-14 00:49:07 - abstract_model.py - Line 244 - DEBUG - Optimizing tilde_phi, step 5
2025-04-14 00:49:07 - abstract_model.py - Line 248 - DEBUG - Optimizing w, step 5
2025-04-14 00:49:07 - abstract_model.py - Line 244 - DEBUG - Optimizing tilde_phi, step 6
2025-04-14 00:49:07 - abstract_model.py - Line 248 - DEBUG - Optimizing w, step 6
2025-04-14 00:49:07 - abstract_model.py - Line 244 - DEBUG - Optimizing tilde_phi, step 7
2025-04-14 00:49:07 - abstract_model.py - Line 248 - DEBUG - Optimizing w, step 7
2025-04-14 00:49:07 - abstract_model.py - Line 244 - DEBUG - Optimizing tilde_phi, step 8
2025-04-14 00:49:07 - abstract_model.py - Line 248 - DEBUG - Optimizing w, step 8
2025-04-14 00:49:07 - abstract_model.py - Line 244 - DEBUG - Optimizing tilde_phi, step 9
2025-04-14 00:49:07 - abstract_model.py - Line 248 - DEBUG - Optimizing w, step 9
2025-04-14 00:49:11 - propose.py - Line 536 - DEBUG - Proposer duration: 4s
2025-04-14 00:49:11 - propose.py - Line 548 - DEBUG - Proposer prompt and response:
2025-04-14 00:49:11 - propose.py - Line 549 - DEBUG - Here is a corpus of text samples each associated with a score. The text samples are sorted from the lowest to the highest score.
Sample 0: Due to constitutional arrangements, the development control process in the states of Sabah and Sarawak is governed by separate planning systems. (score: 0.0)
Sample 1: Due to constitutional arrangements, the states of Sabah and Sarawak have autonomy in the development control process and are governed by separate planning systems. (score: 0.0)
Sample 2: Emphasis is placed on sustainability and resilience towards climate change in three strategic directions:,. a) Sustainable management of natural, food and heritage resources;,. b) Holistic land use planning; and,. c) Low carbon cities and sustainable infrastructure.,The three strategic directions are being implemented through 15 strategies and 44 actions. (score: 0.0)
Sample 3: For the period until 2020, national physical development in Peninsular Malaysia is guided by three physical planning documents, the National Physical Plan-3 (NPP-3), the Second National Urbanisation Policy (NUP-2) and the National Rural Physical Plan 2030 (NRPP 2030). (score: 0.0)
Sample 4: In the document, emphasis is placed on sustainability and resilience towards climate change through three strategic directions namely,,(. i) Sustainable management of natural, food and heritage resources;,(i. i) Holistic land use planning; and,(ii. i) Low carbon cities and sustainable infrastructure.,The three strategic directions will be implemented through 15 strategies and 44 actions. (score: 0.0)
Sample 5: The NRPP 2030 is the first spatial rural development document that,outlines policy statements, strategies and implementation measures towards materialising the rural development vision. (score: 0.0)
Sample 6: The NRPP 2030 is the nation’s first spatial rural development document that outlines policy statements, strategies and implementation measures according to specific themes and thrusts towards materialising the rural development vision. (score: 0.0)
Sample 7: These documents were approved for implementation in 2017. (score: 0.0)
Sample 8: These strategies will help to enhance,adaptation to, and mitigation of climate change in the country.,The NUP2 is a policy to guide and coordinate sustainable urban planning and development with emphasis on balanced development physically, environmentally, socially and economically. (score: 0.0)
Sample 9: Thus, NPP-3, NUP-2 and NRPP 2030 only applies to Peninsular Malaysia.,The NPP-3 is the highest-ranking planning document in the national development framework which translates strategic and sectoral policies into spatial and physical dimensions. (score: 0.0)
Sample 10: Thus, NPP-3, NUP-2 and NRPP 2030 only applies to Peninsular Malaysia.,The NPP-3 is the highest-ranking planning document in the national development framework which translates strategic and sectoral policies into spatial and physical dimensions. (score: 0.0)
Sample 11: The 15 strategies are:,. a) Improving preservation and conservation of national ecological assets;,. b) Managing and controlling development in environmentally sensitive areas;,. c) Enhancing security and sustainability of water resources;,. d) Managing mineral resource exploration;,. e) Promoting food security;,. f) Strengthening protection and preservation of national archaeological and natural heritage sites;,. g) Optimising land use and availability;,. h) Managing natural disaster risk areas;,. i) Managing development growth and sprawl;,. j) Promoting integrated rural development;,. k) Creating low carbon cities development;,. l) Promoting use of sustainable energy sources;,. m) Implementing integrated water cycle management;,. n) Promoting green mobility; and,. o) Strengthening integrated and sustainable solid waste management.,The NUP-2 provides guidance on sustainable urban planning and development with an emphasis for balanced development physically, environmentally, socially and economically. (score: 0.0)
Sample 12: These strategies will help to enhance,adaptation to, and mitigation of climate change in the country.,The NUP2 is a policy to guide and coordinate sustainable urban planning and development with emphasis on balanced development physically, environmentally, socially and economically. (score: 0.0)
Sample 13: Due to constitutional arrangements, the development control process in the states of Sabah and Sarawak is governed by separate planning systems. (score: 0.0)
Sample 14: In the document, emphasis is placed on sustainability and resilience towards climate change through three strategic directions namely,,(. i) Sustainable management of natural, food and heritage resources;,(i. i) Holistic land use planning; and,(ii. i) Low carbon cities and sustainable infrastructure.,The three strategic directions will be implemented through 15 strategies and 44 actions. (score: 0.0)
Sample 15: The NPP-3 and NUP2 are shared administratively with the state of Sabah.,The NPP-3 is the highest ranking planning document in the national development framework which translates the strategic and sectoral policies into spatial and physical dimensions. (score: 0.0)
Sample 16: The 15 strategies consist of the following: improving preservation and conservation of national ecological assets; managing and controlling development in environmentally sensitive areas; enhancing security and sustainability of water resources; managing mineral resource exploration; promoting food security; strengthening protection and preservation of national archaeological and natural heritage sites; optimising land use and availability; managing natural disaster risk areas; managing development growth and sprawl; promoting integrated rural development; creating low carbon cities development; promoting use of sustainable energy sources; implementing integrated water cycle management; promoting green mobility; and strengthening integrated and sustainable solid waste management. (score: 0.0)
Sample 17: For the period until 2020, national physical development in Peninsular Malaysia is guided by three physical planning documents, the National Physical Plan-3 (NPP-3), the Second National Urbanisation Policy (NUP-2) and the National Rural Physical Plan 2030 (NRPP 2030). (score: 0.0)
Sample 18: Emphasis is placed on sustainability and resilience towards climate change in three strategic directions:,. a) Sustainable management of natural, food and heritage resources;,. b) Holistic land use planning; and,. c) Low carbon cities and sustainable infrastructure.,The three strategic directions are being implemented through 15 strategies and 44 actions. (score: 0.0)
Sample 19: These documents were approved for implementation in 2017. (score: 0.0)
Sample 20: National physical development in Peninsular Malaysia is guided by the three current physical planning documents, the National Physical Plan-3 (NPP-3), the Second National Urbanisation Policy (NUP2) and the National Rural Physical Plan 2030 (NRPP 2030). (score: 0.0)
Sample 21: The NRPP 2030 is the first spatial rural development document that,outlines policy statements, strategies and implementation measures towards materialising the rural development vision. (score: 0.0)
Sample 22: The NRPP 2030 is the nation’s first spatial rural development document that outlines policy statements, strategies and implementation measures according to specific themes and thrusts towards materialising the rural development vision. (score: 0.0)
Sample 23: Due to constitutional arrangements, the states of Sabah and Sarawak have autonomy in the development control process and are governed by separate planning systems. (score: 0.0)
I want to cluster these based on what document they belong to, or if they belong to neither
We want to understand what kind of text samples achieve a higher score, so please suggest descriptions about the text samples that are more likely to achieve higher scores.
Please suggest me at most 5 descriptions, one in a line, starting with "-" and surrounded by quotes "". Each of them needs to be a predicate about a text followed by an explanation and an example that satisfies the predicate, for example:
- "uses double negation; specifically, there is a sentence in the text that uses negation twice. For example, 'the pilot did not never had an accident'"
- "has a conservative stance; specifically, the overall text exhibits a conservative political stance (e.g. pro-life, deregulation, etc). For example, 'Fetus is sentient so we should not abort.'"
Do not output anything else. Please do not mention score in your example. (Note that the examples might not be goal related, and your response should be both formatted correct as above and related to the goal.)

Please generate the response based on the given datapoints as much as possible. We want the descriptions to be relatively objective and can be validated easily, e.g. "is surprising" means different things for different people, so we want to avoid such descriptions. It should also be a predicate on a single text (rather than a statement about a comparison); for example, instead of saying "uses more polite language", the generation should be "uses polite language". Sometimes KeyInfo is provided to help you make come up with better responses (though it might also be unavailable). 
Again, here's the goal. 
I want to cluster these based on what document they belong to, or if they belong to neither
Your responses are:
- "
2025-04-14 00:49:11 - propose.py - Line 550 - DEBUG - ["references specific strategic directions; specifically, the text outlines specific strategies aimed at development or sustainability. For example, 'Emphasis is placed on sustainability and resilience towards climate change in three strategic directions.'", "discusses implementation timelines or milestones; specifically, the text provides temporal details about when documents or strategies are approved or set to begin. For example, 'These documents were approved for implementation in 2017.'", "mentions constitutional arrangements; specifically, the text refers to constitutional frameworks or governance systems. For example, 'Due to constitutional arrangements, the states of Sabah and Sarawak have autonomy in the development control process.'", "includes document names; specifically, the text mentions specific planning documents such as NPP-3, NUP-2, or NRPP 2030. For example, 'For the period until 2020, national physical development in Peninsular Malaysia is guided by three physical planning documents, the National Physical Plan-3 (NPP-3).'", "highlights autonomy of specific states; specifically, the text discusses the unique governance or planning autonomy of states like Sabah and Sarawak. For example, 'Due to constitutional arrangements, the states of Sabah and Sarawak have autonomy in the development control process.'"]
2025-04-14 00:49:11 - propose.py - Line 648 - DEBUG - Proposer response: ["references specific strategic directions; specifically, the text outlines specific strategies aimed at development or sustainability. For example, 'Emphasis is placed on sustainability and resilience towards climate change in three strategic directions.'", "discusses implementation timelines or milestones; specifically, the text provides temporal details about when documents or strategies are approved or set to begin. For example, 'These documents were approved for implementation in 2017.'", "mentions constitutional arrangements; specifically, the text refers to constitutional frameworks or governance systems. For example, 'Due to constitutional arrangements, the states of Sabah and Sarawak have autonomy in the development control process.'", "includes document names; specifically, the text mentions specific planning documents such as NPP-3, NUP-2, or NRPP 2030. For example, 'For the period until 2020, national physical development in Peninsular Malaysia is guided by three physical planning documents, the National Physical Plan-3 (NPP-3).'", "highlights autonomy of specific states; specifically, the text discusses the unique governance or planning autonomy of states like Sabah and Sarawak. For example, 'Due to constitutional arrangements, the states of Sabah and Sarawak have autonomy in the development control process.'"]
2025-04-14 00:49:11 - abstract_model.py - Line 73 - DEBUG - Adding 5 predicates
2025-04-14 00:49:18 - validate.py - Line 639 - DEBUG - Validation duration: 7s
2025-04-14 00:49:18 - abstract_model.py - Line 411 - DEBUG - Top predicates for predicate 0: ["references specific strategic directions; specifically, the text outlines specific strategies aimed at development or sustainability. For example, 'Emphasis is placed on sustainability and resilience towards climate change in three strategic directions.'", "mentions specific planning documents; specifically, the text names planning documents such as NPP-3, NUP-2, or NRPP 2030. For example, 'The NPP-3 is the highest-ranking planning document in the national development framework.'", "mentions balanced development; specifically, it highlights the importance of maintaining balance in various aspects of development. For example, 'The NUP-2 provides guidance on sustainable urban planning and development with an emphasis for balanced development physically, environmentally, socially and economically.'", "references geographic regions; specifically, the text mentions specific geographic areas such as Peninsular Malaysia, Sabah, or Sarawak. For example, 'The development control process in the states of Sabah and Sarawak is governed by separate planning systems.'", "mentions constitutional arrangements; specifically, the text refers to constitutional frameworks or governance systems. For example, 'Due to constitutional arrangements, the states of Sabah and Sarawak have autonomy in the development control process.'"]
2025-04-14 00:49:18 - validate.py - Line 639 - DEBUG - Validation duration: 0s
2025-04-14 00:49:18 - abstract_model.py - Line 427 - DEBUG - new_loss: 1.7535138037845905
2025-04-14 00:49:18 - validate.py - Line 639 - DEBUG - Validation duration: 0s
2025-04-14 00:49:18 - abstract_model.py - Line 427 - DEBUG - new_loss: 2.041289858072807
2025-04-14 00:49:18 - validate.py - Line 639 - DEBUG - Validation duration: 0s
2025-04-14 00:49:18 - abstract_model.py - Line 427 - DEBUG - new_loss: 1.8432478600556632
2025-04-14 00:49:18 - validate.py - Line 639 - DEBUG - Validation duration: 0s
2025-04-14 00:49:18 - abstract_model.py - Line 427 - DEBUG - new_loss: 1.959094992134201
2025-04-14 00:49:18 - validate.py - Line 639 - DEBUG - Validation duration: 0s
2025-04-14 00:49:18 - abstract_model.py - Line 427 - DEBUG - new_loss: 2.041289858072807
